ID,Extended,RTR,Length,Data,Count,Timestamps
290,0,0,4,"4,2,0,0,,,,",140,"0.032115,0.132156,0.232212,0.332298,0.432218,0.532168,0.632133,0.73218,0.832186,0.932168,1.032155,1.132167,1.232153,1.332125,1.432068,1.532048,1.632052,1.732081,1.83204,1.932072,2.032094,2.132065,2.232094,2.332112,2.432053,2.532063,2.632049,2.732052,2.832045,2.932064,3.032119,3.132192,3.23218,3.332087,3.432042,3.532062,3.632026,3.73206,3.832074,3.932043,4.032029,4.132059,4.232088,4.332138,4.432078,4.532088,4.632043,4.732078,4.832036,4.9322,5.032062,5.132144,5.232198,5.332249,5.432144,5.53215,5.632119,5.732107,5.832133,5.932118,6.032054,6.132094,6.232226,6.332182,6.432149,6.532096,6.632035,6.73207,6.832076,6.932072,7.032062,7.132077,7.232124,7.332104,7.432075,7.532069,7.632057,7.732077,7.832034,7.932111,8.032099,8.132122,8.232113,8.332084,8.432034,8.532037,8.632035,8.732032,8.832039,8.932052,9.032042,9.132049,9.232115,9.332072,9.432042,9.53216,9.632111,9.732141,9.832077,9.932186,10.032086,10.132239,10.232217,10.332302,10.432176,10.532767,10.632135,10.732443,10.832129,10.932464,11.032138,11.132526,11.232178,11.332565,11.432087,11.532764,11.632098,11.732681,11.832093,11.932733,12.032082,12.132794,12.232127,12.33286,12.432119,12.532904,12.632178,12.732951,12.832182,12.933018,13.03208,13.132079,13.232123,13.332118,13.432104,13.532086,13.632089,13.732095,13.83209,13.932088"
299,0,0,1,"3,,,,,,,",140,"0.077042,0.177045,0.277048,0.377043,0.477051,0.577053,0.677045,0.777048,0.877045,0.977049,1.077053,1.177051,1.277046,1.377048,1.477051,1.577051,1.677046,1.777075,1.877052,1.977056,2.077367,2.177052,2.277049,2.377048,2.477218,2.577254,2.677318,2.777188,2.877257,2.977255,3.077302,3.18027,3.277256,3.377251,3.477084,3.577159,3.677058,3.777055,3.877063,3.97706,4.077062,4.177064,4.277058,4.377058,4.477063,4.577064,4.677066,4.777065,4.877058,4.977062,5.07706,5.177061,5.277064,5.377065,5.477067,5.577068,5.677062,5.777066,5.877253,5.977068,6.077068,6.177069,6.277068,6.377525,6.477074,6.577069,6.677299,6.777074,6.877072,6.97707,7.077072,7.17707,7.277074,7.377157,7.477076,7.577204,7.677113,7.777193,7.877263,7.97719,8.077231,8.177385,8.277293,8.377101,8.477177,8.577079,8.677074,8.777074,8.877079,8.977082,9.077215,9.177085,9.277218,9.377212,9.477214,9.577217,9.677218,9.778009,9.877088,9.977501,10.07729,10.177214,10.277292,10.377485,10.477286,10.577398,10.677306,10.777381,10.87731,10.978052,11.077284,11.177297,11.277257,11.377679,11.477258,11.577295,11.677292,11.777156,11.877168,11.977309,12.07718,12.177404,12.277123,12.377573,12.477392,12.577408,12.677228,12.777443,12.877467,12.977432,13.077388,13.177266,13.277109,13.377272,13.477163,13.577184,13.677349,13.777356,13.877673,13.9773"
448,0,0,6,"0,0,0,128,0,4,,",71,"0.004438,0.205377,0.405325,0.606368,0.805827,1.004996,1.2007,1.400351,1.60159,1.799642,1.998645,2.198009,2.401266,2.597018,2.798616,2.997633,3.195937,3.396656,3.594616,3.794349,3.994347,4.193452,4.394542,4.591576,4.794392,4.992417,5.189934,5.389575,5.590809,5.788721,5.987778,6.187235,6.394091,6.586162,6.785648,6.987035,7.185974,7.385486,7.58358,7.783423,7.983371,8.181873,8.386547,8.581326,8.781227,8.98167,9.181309,9.382027,9.578311,9.777543,9.97704,10.176473,10.37834,10.575396,10.776904,10.976266,11.178151,11.377215,11.573847,11.772919,11.971735,12.171748,12.371484,12.570082,12.769487,12.971848,13.168875,13.369819,13.569426,13.766972,13.966245"
456,0,0,4,"0,0,0,0,,,,",28,"0.352408,0.852207,1.352155,1.852085,2.352173,2.852066,3.352133,3.852152,4.352175,4.852123,5.352174,5.852112,6.352171,6.852091,7.352141,7.852078,8.35216,8.852059,9.352126,9.852219,10.352265,10.852448,11.35211,11.85275,12.352113,12.852005,13.352157,13.852007"
557,0,0,8,"112,0,0,0,0,0,0,0",14,"0.452648,1.452385,2.452355,3.452349,4.452386,5.452486,6.452396,7.452408,8.452396,9.452383,10.452634,11.452957,12.453179,13.452411"
559,0,0,1,"0,,,,,,,",14,"0.377547,1.3777,2.377672,3.377768,4.377562,5.377569,6.378023,7.377661,8.377606,9.377755,10.37881,11.378151,12.378067,13.377778"
560,0,0,8,"3,54,54,8,0,0,0,0",17,"5.694549,6.194522,6.694491,7.194525,7.694494,8.194577,8.694495,9.19448,9.694463,10.193496,10.693727,11.193462,11.693937,12.193408,12.693243,13.193418,13.693428"
560,0,0,8,"3,53,54,8,0,0,0,0",11,"0.195743,0.695638,1.195504,1.695595,2.195323,2.695162,3.195078,3.694933,4.195429,4.694704,5.194609"
562,0,0,8,"255,70,0,255,0,0,0,0",39,"6.333147,6.533065,6.733039,6.933049,7.133046,7.333073,7.533038,7.733041,7.93308,8.133088,8.333053,8.533006,8.732997,8.933021,9.133018,9.33304,9.533129,9.733107,9.933155,10.133215,10.333267,10.533732,10.733412,10.933433,11.134472,11.333533,11.533734,11.733645,11.933698,12.133759,12.333825,12.533873,12.733919,12.933987,13.133967,13.334005,13.533972,13.733982,13.933975"
562,0,0,8,"255,69,0,255,0,0,0,0",31,"0.133125,0.333263,0.533137,0.733145,0.933133,1.133132,1.333094,1.533017,1.73305,1.933037,2.133034,2.334058,2.533032,2.733021,2.933033,3.13316,3.334022,3.533031,3.733025,3.933011,4.133024,4.333108,4.533056,4.733043,4.933169,5.133109,5.333218,5.533116,5.733076,5.933088,6.133059"
579,0,0,6,"0,0,0,0,0,0,,",14,"0.378756,1.378888,2.378864,3.378984,4.378772,5.37877,6.379227,7.378862,8.37898,9.378962,10.379645,11.378982,12.379291,13.378975"
584,0,0,8,"0,0,255,255,255,3,255,255",28,"0.343463,0.842522,1.342452,1.842431,2.342496,2.842445,3.342518,3.842441,4.342497,4.842424,5.343199,5.842484,6.343164,6.842534,7.343087,7.842363,8.342418,8.842367,9.342375,9.842461,10.342532,10.842394,11.342357,11.842375,12.342377,12.842333,13.342325,13.842312"
590,0,0,8,"255,255,16,0,0,0,90,90",141,"0.002614,0.102631,0.202744,0.302636,0.402519,0.502478,0.602504,0.702588,0.802567,0.902513,1.002597,1.102466,1.202572,1.302485,1.402476,1.502481,1.602551,1.702564,1.802529,1.902475,2.002646,2.102564,2.20267,2.302544,2.403196,2.502446,2.602443,2.702523,2.802473,2.902427,3.00249,3.102501,3.20255,3.302498,3.402478,3.502449,3.602469,3.702543,3.802549,3.902634,4.002486,4.102859,4.202571,4.302801,4.403205,4.502437,4.602428,4.702599,4.80249,4.902768,5.002528,5.102677,5.202817,5.302644,5.402679,5.502607,5.602462,5.702867,5.802512,5.902652,6.002506,6.10331,6.202498,6.302993,6.402764,6.503055,6.602408,6.703216,6.802499,6.903101,7.002433,7.103238,7.202555,7.303037,7.402416,7.50341,7.602454,7.703438,7.802471,7.90243,8.002488,8.10339,8.202546,8.302485,8.403367,8.502502,8.602463,8.703639,8.802416,8.902378,9.002408,9.102404,9.202507,9.302565,9.402411,9.502396,9.602419,9.702544,9.802377,9.902445,10.002492,10.102538,10.202637,10.302457,10.403525,10.502435,10.602404,10.702479,10.802422,10.902435,11.002434,11.1024,11.202485,11.302436,11.402445,11.502382,11.602371,11.702563,11.802506,11.902445,12.002411,12.102365,12.202447,12.302408,12.402734,12.502373,12.602379,12.702449,12.802369,12.902373,13.002442,13.102361,13.20245,13.302384,13.402333,13.50235,13.602335,13.702433,13.802619,13.902347,14.002367"
594,0,0,8,"3,0,16,13,128,15,127,139",97,"0.103585,0.303598,0.403473,0.503438,0.703541,0.803517,0.903466,1.103415,1.303434,1.403429,1.503435,1.6035,1.803483,1.903424,2.003595,2.103517,2.404149,2.603397,2.903412,3.10345,3.203504,3.303451,3.403428,3.503399,3.603423,3.903587,4.003439,4.103813,4.203524,4.404159,4.503394,4.603381,4.703553,4.80344,5.003481,5.103625,5.303597,5.403628,5.50356,5.703821,5.803461,5.903605,6.003455,6.104263,6.203451,6.403718,6.504008,6.603357,6.704169,6.803449,6.904054,7.403369,7.50436,7.704392,7.80342,7.904372,8.003441,8.10434,8.203495,8.304427,8.503455,8.603413,8.704593,8.904324,9.003358,9.203456,9.304511,9.40336,9.603377,9.803327,9.903399,10.10448,10.204532,10.404478,10.504381,10.704425,10.903396,11.003391,11.30438,11.504329,11.603324,11.80346,12.00336,12.103315,12.204342,12.403688,12.703403,12.803318,12.903326,13.003396,13.103314,13.204341,13.503304,13.603285,13.703386,13.803572,14.003321"
594,0,0,8,"3,0,16,13,128,7,127,139",32,"0.003567,0.203705,0.603465,1.003559,1.203532,2.203627,2.303501,2.503423,2.70348,2.80343,3.00345,4.903725,5.603424,6.303951,7.203517,7.303998,7.603411,8.404329,8.803376,9.104357,9.503353,9.704494,10.00345,10.304411,11.204388,11.703521,11.903407,12.303369,12.503334,12.60334,13.303345,13.903308"
594,0,0,8,"3,0,16,13,128,7,127,137",6,"1.703533,3.803511,4.303758,5.203778,10.803395,13.40329"
594,0,0,8,"3,0,16,13,128,15,127,137",5,"3.703492,7.104191,10.60337,11.104346,11.40341"
594,0,0,8,"3,0,16,13,128,23,127,139",1,7.003383
628,0,0,8,"0,0,0,0,0,0,0,0",14,"0.282216,1.282216,2.282168,3.282134,4.282097,5.282079,6.282035,7.281998,8.282116,9.282392,10.281915,11.282155,12.281884,13.281819"
672,0,0,6,"0,0,0,0,0,1,,",14,"0.272095,1.272045,2.272053,3.272007,4.272822,5.271931,6.271917,7.271872,8.27184,9.271826,10.271781,11.271747,12.271734,13.271804"
690,0,0,8,"255,255,255,0,20,4,255,0",70,"0.062956,0.263209,0.462562,0.663426,0.862687,1.062595,1.26255,1.462598,1.663531,1.862508,2.06256,2.262548,2.462652,2.663181,2.862546,3.062798,3.262633,3.462798,3.662547,3.862566,4.062674,4.262942,4.463124,4.663612,4.863595,5.063597,5.262859,5.462805,5.662809,5.863014,6.063021,6.263005,6.462452,6.663142,6.863203,7.063344,7.263304,7.46355,7.663171,7.862465,8.062474,8.2624,8.4627,8.662388,8.862419,9.062411,9.262401,9.463175,9.662475,9.863123,10.064318,10.262432,10.462634,10.662548,10.862422,11.062418,11.262388,11.462563,11.662412,11.862403,12.062382,12.262348,12.462436,12.662352,12.862345,13.062376,13.262341,13.463026,13.662432,13.86243"
706,0,0,4,"19,136,147,0,,,,",44,"0.922142,1.32225,1.722129,1.922129,2.122097,2.322284,2.522106,2.722182,2.922186,3.522103,3.92209,4.122096,4.522084,4.722094,4.922124,5.12212,5.322194,5.522133,5.922298,6.122261,6.322261,6.522131,6.722143,6.922139,7.322324,7.522109,8.922079,9.322352,9.722115,10.12216,10.322125,10.722037,11.522005,11.72199,11.921998,12.122281,12.322248,12.522082,12.721999,12.921982,13.121983,13.322103,13.721984,13.92201"
706,0,0,4,"19,136,146,0,,,,",24,"0.122216,0.32225,0.522194,0.722203,1.122149,1.522131,3.32222,3.722115,4.322981,5.722209,7.122159,7.722155,7.922157,8.122116,8.322333,8.522099,8.722086,9.122202,9.522191,9.922132,10.522072,10.922076,11.122061,13.521966"
706,0,0,4,"19,136,145,0,,,,",1,3.122122
706,0,0,4,"19,136,148,0,,,,",1,11.322159
707,0,0,8,"0,0,0,0,0,0,255,0",141,"0.012525,0.112567,0.212544,0.312691,0.412636,0.512604,0.61259,0.712646,0.812674,0.912657,1.012626,1.112616,1.212618,1.31266,1.412506,1.512538,1.612487,1.712501,1.812523,1.912512,2.012471,2.112506,2.212538,2.312693,2.412608,2.512594,2.612569,2.712502,2.812505,2.9125,3.012473,3.112498,3.212492,3.312556,3.412486,3.512502,3.612467,3.712495,3.812475,3.912521,4.012461,4.112489,4.212506,4.312583,4.412506,4.512516,4.612508,4.712494,4.812534,4.912533,5.012487,5.11257,5.212567,5.312636,5.412516,5.512742,5.61259,5.712641,5.812645,5.912533,6.012481,6.1125,6.212441,6.31252,6.412445,6.512422,6.612396,6.712439,6.812416,6.912461,7.012424,7.112437,7.212458,7.312531,7.412775,7.512455,7.612417,7.712437,7.812423,7.912451,8.012398,8.112453,8.212447,8.312473,8.413062,8.512422,8.612365,8.712416,8.812526,8.912489,9.01247,9.112427,9.212392,9.312482,9.412407,9.512408,9.612454,9.712428,9.812477,9.912452,10.012553,10.112458,10.212643,10.312608,10.412645,10.512514,10.612677,10.712535,10.812731,10.912489,11.012781,11.112473,11.212836,11.312449,11.412962,11.512406,11.612971,11.712441,11.813064,11.912374,12.013137,12.112473,12.213135,12.312486,12.41317,12.512364,12.613226,12.712419,12.812344,12.912381,13.012328,13.11236,13.212376,13.312454,13.412333,13.51239,13.612341,13.712404,13.812372,13.912386,14.012319"
709,0,0,8,"1,91,1,29,5,0,0,0",7,"0.304563,2.30447,4.304727,6.30492,8.305392,10.305376,12.305327"
710,0,0,8,"125,31,17,31,0,179,0,1",7,"0.323211,2.323246,4.323938,6.323223,8.323294,10.323086,12.323205"
711,0,0,8,"1,0,0,0,0,0,0,0",7,"0.344463,2.343496,4.344081,6.344164,8.344411,10.34452,12.343377"
720,0,0,6,"0,1,0,3,0,67,,",28,"0.459102,0.95742,1.458889,1.957693,2.459301,2.957966,3.459302,3.958657,4.459915,4.958661,5.45987,5.958893,6.463273,6.959407,7.460668,7.959326,8.46174,8.959906,9.462214,9.959872,10.46157,10.960142,11.461605,11.960479,12.463257,12.960689,13.462068,13.961893"
726,0,0,8,"0,0,0,0,0,0,0,0",70,"0.117365,0.317514,0.517475,0.71753,0.91767,1.11763,1.317719,1.517858,1.717793,1.917848,2.117939,2.317956,2.518012,2.718281,2.918123,3.118177,3.318456,3.518286,3.718715,3.918472,4.118449,4.318503,4.518683,4.718614,4.91868,5.118735,5.318778,5.518831,5.718907,5.918937,6.119,6.3193,6.519098,6.719161,6.919214,7.119261,7.319546,7.519655,7.719429,7.919485,8.11963,8.319592,8.519652,8.719703,8.919754,9.119813,9.319866,9.521528,9.719972,9.920326,10.12008,10.320134,10.520347,10.720247,10.920296,11.120375,11.320408,11.520463,11.720758,11.920573,12.120633,12.320693,12.520732,12.720791,12.920844,13.120905,13.320954,13.521198,13.721058,13.921116"
727,0,0,8,"32,0,0,0,0,0,0,0",70,"0.078876,0.278937,0.478988,0.679259,0.879583,1.079149,1.279445,1.479261,1.679311,1.879683,2.079424,2.279475,2.47953,2.679583,2.879781,3.079788,3.27975,3.47981,3.679874,3.880583,4.079969,4.280338,4.480078,4.680129,4.88036,5.080245,5.280296,5.480457,5.680406,5.88076,6.080676,6.280571,6.480632,6.680902,6.880736,7.080792,7.280896,7.483339,7.680954,7.88119,8.081065,8.28112,8.481504,8.681225,8.881284,9.081574,9.281392,9.481821,9.681505,9.881559,10.081642,10.282908,10.481717,10.68178,10.881829,11.081884,11.283147,11.481996,11.682052,11.882131,12.082188,12.282875,12.482271,12.682459,12.882376,13.082435,13.282811,13.48336,13.682604,13.883386"
729,0,0,8,"0,0,0,108,0,0,0,0",350,"0.027339,0.067355,0.107365,0.147389,0.187388,0.227396,0.267408,0.30742,0.34743,0.387986,0.427449,0.467467,0.507471,0.547487,0.587498,0.627502,0.667532,0.707523,0.747536,0.787549,0.827563,0.867569,0.907586,0.947591,0.98761,1.027613,1.067628,1.107638,1.147651,1.187662,1.22767,1.26768,1.30769,1.347701,1.388255,1.427726,1.46773,1.507747,1.547752,1.587767,1.627778,1.667785,1.707811,1.747809,1.787821,1.827833,1.869309,1.907857,1.94786,1.987874,2.027884,2.067895,2.107906,2.147923,2.187931,2.22795,2.267954,2.307966,2.347976,2.388096,2.427999,2.468009,2.508021,2.548025,2.588037,2.628049,2.668061,2.708072,2.748084,2.788096,2.828101,2.868113,2.908125,2.948137,2.988148,3.028159,3.068164,3.108177,3.148192,3.188197,3.228213,3.268224,3.308235,3.348245,3.389216,3.428265,3.468277,3.508288,3.5483,3.58831,3.628323,3.668332,3.708339,3.748361,3.788366,3.828381,3.868388,3.909634,3.94841,3.98842,4.028431,4.068442,4.10845,4.148462,4.188479,4.228481,4.268508,4.308502,4.348518,4.389105,4.428543,4.468552,4.508565,4.548567,4.588582,4.628597,4.6686,4.708617,4.748628,4.788647,4.828647,4.868659,4.908676,4.94868,4.98869,5.028701,5.068709,5.108721,5.149326,5.188748,5.22876,5.268769,5.308787,5.348792,5.390576,5.428811,5.46882,5.50883,5.548844,5.588857,5.628864,5.668873,5.709155,5.748902,5.789723,5.828933,5.868935,5.908941,5.950188,5.988963,6.028979,6.068988,6.109,6.149002,6.189021,6.229031,6.269038,6.309049,6.349068,6.389426,6.429086,6.469096,6.509188,6.549119,6.589131,6.629141,6.669148,6.709159,6.749172,6.789185,6.82919,6.86921,6.909216,6.949224,6.989234,7.029246,7.069257,7.109271,7.149279,7.189292,7.229301,7.269312,7.309326,7.349333,7.389811,7.429353,7.469364,7.509375,7.549388,7.589395,7.62941,7.669417,7.709428,7.749444,7.789455,7.829467,7.869481,7.909483,7.949494,7.990741,8.029518,8.069529,8.109542,8.149552,8.189561,8.229574,8.269585,8.309594,8.349603,8.389897,8.429626,8.469635,8.509645,8.549657,8.589674,8.629683,8.669694,8.709706,8.749717,8.789723,8.829734,8.869748,8.909771,8.949772,8.989778,9.029789,9.069801,9.109812,9.149823,9.189833,9.229845,9.269856,9.30987,9.34988,9.390747,9.429907,9.469909,9.51002,9.549934,9.589943,9.629952,9.669962,9.709974,9.749986,9.790834,9.830016,9.870018,9.910029,9.950047,9.990053,10.031353,10.070075,10.110082,10.150094,10.190111,10.230119,10.270124,10.310137,10.350145,10.391034,10.43017,10.47019,10.510194,10.550205,10.590214,10.630808,10.670235,10.710247,10.750257,10.790269,10.83028,10.870294,10.910298,10.950309,10.990328,11.030604,11.070349,11.11036,11.150365,11.190375,11.230395,11.270404,11.31041,11.350422,11.39068,11.430439,11.470787,11.510474,11.550475,11.590487,11.630496,11.670508,11.71052,11.750528,11.790538,11.83055,11.870561,11.910575,11.950583,11.990594,12.030616,12.071855,12.110634,12.15064,12.190649,12.230668,12.270674,12.310759,12.350689,12.391176,12.430711,12.470729,12.510739,12.550746,12.590756,12.63077,12.670781,12.710794,12.750808,12.790809,12.830824,12.870833,12.910846,12.950858,12.990868,13.03088,13.070886,13.110896,13.15091,13.190921,13.230933,13.270941,13.310951,13.350964,13.391997,13.430982,13.471002,13.511005,13.551027,13.591031,13.631041,13.671052,13.711069,13.751073,13.791082,13.831097,13.87111,13.911115,13.951125,13.991692"
735,0,0,8,"132,0,0,0,0,0,0,0",14,"0.615265,1.615295,2.615298,3.615318,4.615349,5.615382,6.615405,7.615426,8.615426,9.615447,10.615488,11.615508,12.615537,13.615541"
736,0,0,8,"64,192,0,255,89,94,97,94",41,"0.042967,0.843459,1.042449,2.242422,2.442453,2.642384,3.042365,3.242394,3.442551,3.642371,3.84338,4.042386,4.843358,5.042375,5.242436,5.4424,5.642412,6.242343,6.843471,7.042343,7.242331,7.442361,7.642335,8.042349,8.44234,8.642324,8.8433,9.442329,9.642277,10.0424,10.242354,10.843328,11.242334,11.64228,11.843309,12.242286,12.642267,12.843267,13.242353,13.4423,13.642265"
736,0,0,8,"64,192,0,255,89,93,97,94",25,"0.242587,0.442473,0.642445,1.242407,1.442441,1.642404,1.843369,2.042443,4.242375,4.442428,4.642378,5.844002,6.042398,6.442341,7.843297,8.242314,9.042282,9.2423,9.843395,10.442458,10.642408,11.442312,12.442324,13.042367,13.84325"
736,0,0,8,"64,192,0,255,89,94,98,94",3,"2.84397,6.642428,12.04228"
736,0,0,8,"64,192,0,255,89,93,98,94",1,11.042342
738,0,0,4,"0,0,0,0,,,,",14,"0.364396,1.364507,2.364644,3.363772,4.364747,5.364149,6.364697,7.363896,8.364999,9.36394,10.364416,11.363994,12.364846,13.364048"
752,0,0,2,"1,0,,,,,,",28,"0.042038,0.543229,1.044318,1.545428,2.046563,2.548553,3.048821,3.549968,4.05111,4.552196,5.053322,5.554484,6.055573,6.556734,7.057786,7.558974,8.06012,8.561491,9.062936,9.563443,10.064844,10.565678,11.066839,11.568012,12.069093,12.570606,13.071439,13.572809"
754,0,0,3,"0,0,0,,,,,",14,"0.504045,1.504042,2.504027,3.504007,4.504045,5.504305,6.504631,7.504967,8.506045,9.505339,10.505562,11.505825,12.506078,13.506327"
755,0,0,8,"0,0,0,0,0,0,0,0",14,"0.379933,1.380196,2.380033,3.380153,4.380036,5.379939,6.380443,7.380028,8.380157,9.380132,10.381243,11.380863,12.38046,13.380231"
760,0,0,8,"255,255,255,0,32,37,40,0",14,"0.422554,1.422442,2.422431,3.422441,4.422425,5.422813,6.422883,7.42346,8.422418,9.422469,10.42242,11.422355,12.422449,13.422348"
761,0,0,2,"0,0,,,,,,",28,"0.429641,0.929607,1.429092,1.928814,2.428614,2.928649,3.428809,3.927715,4.427437,4.92716,5.426892,5.926614,6.426344,6.926065,7.425788,7.925512,8.425234,8.924966,9.425672,9.924409,10.424624,10.923866,11.424567,11.923317,12.423669,12.922853,13.422888,13.92255"
762,0,0,8,"0,1,0,24,0,0,0,0",28,"0.353408,0.853208,1.353155,1.853085,2.353174,2.853066,3.353133,3.853153,4.353175,4.853123,5.353175,5.853112,6.353171,6.853092,7.353142,7.853072,8.353161,8.85306,9.353127,9.853251,10.353266,10.853449,11.353107,11.853746,12.353113,12.853924,13.353154,13.853926"
767,0,0,8,"0,142,0,0,255,255,255,255",140,"0.092548,0.192616,0.292654,0.394522,0.492614,0.592608,0.692668,0.792582,0.892618,0.992576,1.092587,1.192608,1.292604,1.393238,1.492539,1.592497,1.692655,1.792604,1.892613,1.992519,2.092543,2.192539,2.292569,2.393675,2.492509,2.592491,2.69256,2.792489,2.892509,2.992508,3.092506,3.192542,3.292573,3.392896,3.492496,3.5925,3.69253,3.792477,3.892514,3.992474,4.092516,4.192589,4.292584,4.396512,4.492544,4.592565,4.692552,4.79252,4.89261,4.99341,5.092649,5.192604,5.292533,5.393476,5.49257,5.592551,5.692573,5.792879,5.892541,5.992522,6.092559,6.192549,6.292597,6.396057,6.492502,6.592543,6.692514,6.792512,6.892544,6.99253,7.092518,7.192548,7.292568,7.392721,7.49254,7.59251,7.692513,7.792527,7.892534,7.992501,8.092532,8.1926,8.292654,8.394679,8.492482,8.592469,8.692522,8.792467,8.892475,8.992488,9.092477,9.192504,9.292575,9.392724,9.492493,9.59252,9.692486,9.792501,9.892837,9.993131,10.09253,10.192526,10.292588,10.398727,10.492645,10.5925,10.692761,10.792469,10.892772,10.992727,11.092872,11.192496,11.292946,11.393583,11.492931,11.592533,11.692971,11.792442,11.893032,11.99256,12.093076,12.192439,12.293139,12.398822,12.493253,12.592467,12.694228,12.792434,12.893368,12.992837,13.093083,13.192449,13.292466,13.392982,13.492455,13.59244,13.692459,13.792459,13.892436,13.992675"
769,0,0,8,"0,0,0,0,0,0,0,0",14,"0.381939,1.382207,2.381073,3.381193,4.381084,5.380978,6.381636,7.381076,8.381197,9.381172,10.382283,11.381888,12.3815,13.38127"
770,0,0,8,"0,2,0,0,8,0,0,0",18,"0.382932,1.3832,2.382073,2.94913,3.383183,4.383073,5.381979,5.708155,6.383555,7.382155,8.382245,8.438249,9.38302,10.384201,11.228192,11.383805,12.383422,13.382271"
770,0,0,8,"0,2,0,4,8,0,0,0",4,"2.919107,5.678584,8.409229,11.198352"
774,0,0,8,"0,0,0,0,0,0,0,0",14,"0.472475,1.47238,2.472384,3.472363,4.47292,5.472539,6.472451,7.472451,8.472435,9.472437,10.472414,11.472345,12.47233,13.472313"
778,0,0,8,"132,128,0,126,252,15,0,103",14,"0.482491,1.482494,2.482422,3.482402,4.482431,5.482441,6.48236,7.482347,8.48245,9.482766,10.482662,11.482938,12.483216,13.482371"
781,0,0,4,"0,0,0,0,,,,",14,"0.38361,1.383883,2.382751,3.383866,4.383755,5.382656,6.384234,7.382838,8.382923,9.383698,10.384884,11.384487,12.3841,13.382953"
782,0,0,8,"68,109,28,9,7,255,7,255",14,"0.235731,1.235519,2.235304,3.235074,4.234865,5.234628,6.23439,7.234163,8.23397,9.233772,10.233472,11.233249,12.23308,13.233077"
783,0,0,7,"5,10,10,10,10,106,1,",14,"0.384477,1.385674,2.383617,3.384729,4.384617,5.383524,6.3851,7.38463,8.383791,9.385491,10.385748,11.385349,12.384962,13.384741"
785,0,0,8,"3,254,3,254,3,254,0,0",14,"0.293623,1.293573,2.293534,3.293542,4.293553,5.293502,6.293561,7.293533,8.293619,9.293541,10.293557,11.293915,12.294108,13.294356"
791,0,0,8,"0,0,0,0,0,64,2,0",14,"0.386379,1.386647,2.38552,3.386631,4.38652,5.385426,6.38705,7.386458,8.385693,9.386467,10.387698,11.387303,12.386916,13.385719"
792,0,0,8,"0,0,0,0,0,0,255,0",140,"0.093552,0.193625,0.294631,0.396507,0.493622,0.593616,0.693676,0.79359,0.893627,0.993585,1.093592,1.193616,1.294581,1.39516,1.493544,1.593502,1.694629,1.793612,1.893618,1.993528,2.093547,2.193547,2.294542,2.395652,2.493518,2.5935,2.693569,2.793497,2.893517,2.993521,3.093514,3.19355,3.29455,3.394814,3.493505,3.593509,3.693535,3.793486,3.893522,3.993483,4.093524,4.19446,4.294648,4.398429,4.493548,4.593597,4.693557,4.793529,4.893615,4.995396,5.093658,5.193608,5.29451,5.395455,5.493579,5.593559,5.693581,5.793888,5.89355,5.99353,6.093568,6.193557,6.29457,6.397975,6.49351,6.593551,6.693522,6.79352,6.893552,6.994514,7.093526,7.193556,7.294541,7.394643,7.493545,7.593531,7.69353,7.793535,7.893542,7.994481,8.093541,8.193608,8.294628,8.396669,8.493486,8.593478,8.693529,8.793475,8.893483,8.99447,9.093485,9.193512,9.295526,9.394642,9.493498,9.593528,9.693494,9.793541,9.893845,9.994139,10.093537,10.194492,10.294561,10.400614,10.493654,10.593508,10.694728,10.793477,10.893789,10.993735,11.09485,11.194462,11.294924,11.395501,11.493935,11.593542,11.694937,11.79345,11.894041,11.993569,12.094084,12.194408,12.295123,12.400823,12.494261,12.593476,12.695236,12.793442,12.894377,12.994826,13.09501,13.194415,13.295361,13.3949,13.494382,13.593448,13.694428,13.793467,13.894363,13.993679"
798,0,0,6,"0,64,0,192,0,0,,",12,"0.161964,0.66247,1.161354,1.661569,2.16136,2.660294,11.244548,11.65428,12.153901,12.653608,13.153275,13.653398"
798,0,0,6,"0,67,0,192,0,0,,",7,"2.970838,3.159921,3.659636,4.159255,4.658972,5.158629,5.658296"
798,0,0,6,"0,65,0,192,0,0,,",7,"8.446431,8.656244,9.155956,9.655626,10.15529,10.654955,11.154579"
798,0,0,6,"0,66,0,192,0,0,,",6,"5.728204,6.157966,6.657629,7.157294,7.656917,8.156628"
802,0,0,8,"2,70,0,0,55,255,255,255",12,"1.372355,3.072344,3.772343,4.372485,5.072428,7.072436,7.772507,8.372414,10.07249,10.272751,11.272716,13.072403"
802,0,0,8,"2,72,0,0,55,255,255,255",11,"0.072459,0.372484,4.67236,5.872502,6.672428,7.97294,8.572415,9.372423,10.772833,12.6723,13.772286"
802,0,0,8,"2,68,0,0,55,255,255,255",9,"0.172483,2.972376,3.272983,3.473348,3.672348,3.972344,9.17241,10.972763,13.972413"
802,0,0,8,"2,79,0,0,55,255,255,255",9,"0.47346,0.772471,5.37277,6.272893,6.57241,8.97245,9.67244,11.672326,13.473297"
802,0,0,8,"2,71,0,0,55,255,255,255",9,"1.672353,1.772359,4.772353,9.572425,10.172568,10.37262,10.672402,12.473304,13.272774"
802,0,0,8,"2,78,0,0,55,255,255,255",8,"0.672459,0.872442,7.872453,8.473405,9.272783,9.872465,11.473314,12.772255"
802,0,0,8,"2,74,0,0,55,255,255,255",8,"1.47335,5.473508,8.272798,8.672396,8.872398,12.072813,12.872273,13.672292"
802,0,0,8,"2,83,0,0,55,255,255,255",6,"2.273018,5.272896,5.972459,9.072416,12.373383,13.172298"
802,0,0,8,"2,76,0,0,55,255,255,255",5,"0.972465,1.572361,11.572984,12.572504,13.572284"
802,0,0,8,"2,69,0,0,55,255,255,255",5,"2.072345,4.872324,7.672512,8.172411,11.172802"
802,0,0,8,"2,80,0,0,55,255,255,255",5,"4.973221,6.172469,6.473456,8.772434,9.473438"
802,0,0,8,"2,67,0,0,55,255,255,255",4,"1.273013,2.172358,9.772489,11.372864"
802,0,0,8,"2,66,0,0,55,255,255,255",4,"2.672332,2.772347,3.87232,4.072319"
802,0,0,8,"2,65,0,0,55,255,255,255",4,"2.872351,3.37236,4.17235,7.372454"
802,0,0,8,"2,77,0,0,55,255,255,255",4,"4.572355,5.172477,6.072425,12.973736"
802,0,0,8,"2,86,0,0,55,255,255,255",3,"0.273056,5.772488,11.973621"
802,0,0,8,"2,75,0,0,55,255,255,255",3,"0.572435,4.473889,5.672486"
802,0,0,8,"2,87,0,0,55,255,255,255",3,"1.072547,6.772442,10.473398"
802,0,0,8,"2,60,0,0,55,255,255,255",3,"1.172522,6.872428,10.572673"
802,0,0,8,"2,73,0,0,55,255,255,255",3,"1.872342,7.47342,11.072339"
802,0,0,8,"2,82,0,0,55,255,255,255",3,"6.372438,8.072416,13.37228"
802,0,0,8,"2,64,0,0,55,255,255,255",3,"7.572525,9.972526,13.872299"
802,0,0,8,"2,63,0,0,55,255,255,255",2,"1.972363,2.473369"
802,0,0,8,"2,57,0,0,55,255,255,255",2,"2.372369,3.172355"
802,0,0,8,"2,62,0,0,55,255,255,255",2,"2.572365,7.172438"
802,0,0,8,"2,61,0,0,55,255,255,255",2,"3.57233,6.973181"
802,0,0,8,"2,85,0,0,55,255,255,255",2,"5.572498,12.2727"
802,0,0,8,"2,81,0,0,55,255,255,255",2,"10.872437,11.773884"
802,0,0,8,"2,84,0,0,55,255,255,255",2,"11.872321,12.173653"
802,0,0,8,"2,59,0,0,55,255,255,255",1,4.273779
802,0,0,8,"2,58,0,0,55,255,255,255",1,7.272832
810,0,0,8,"2,0,2,0,0,32,216,43",14,"0.433183,1.433033,2.433022,3.433011,4.433047,5.433113,6.433117,7.43304,8.433003,9.433011,10.433145,11.433057,12.433136,13.433069"
812,0,0,8,"0,0,0,0,0,0,0,0",14,"0.413644,1.413514,2.413616,3.41349,4.413514,5.413524,6.41345,7.413784,8.414071,9.413414,10.41365,11.41397,12.414179,13.414259"
813,0,0,8,"2,38,2,38,1,168,86,0",14,"0.354342,1.354093,2.354108,3.354066,4.354109,5.354108,6.354196,7.354076,8.354098,9.354062,10.355169,11.354044,12.354047,13.354092"
815,0,0,3,"200,0,0,,,,,",14,"0.386986,1.387254,2.386127,3.387239,4.387128,5.386033,6.387658,7.387065,8.387155,9.387075,10.388304,11.387911,12.387524,13.386325"
818,0,0,8,"0,80,216,80,100,9,255,25",25,"0.385403,0.882484,1.384809,1.882436,2.384543,2.882432,3.385654,3.882404,4.385543,4.882489,5.38445,5.882453,6.382567,6.882368,7.383763,7.882509,8.384716,8.882339,9.384628,9.882489,10.383213,10.882758,11.382814,11.883057,12.382426"
818,0,0,8,"0,80,216,80,102,9,255,25",3,"12.883306,13.383878,13.882397"
820,0,0,8,"96,0,0,63,255,252,0,0",14,"0.313692,1.313657,2.313694,3.313553,4.313584,5.313636,6.313521,7.313532,8.313473,9.313483,10.313606,11.313449,12.313487,13.313455"
825,0,0,2,"0,90,,,,,,",28,"0.344999,0.843993,1.343572,1.843902,2.344029,2.844507,3.343052,3.84392,4.344618,4.843892,5.343736,5.844538,6.344701,6.844005,7.344206,7.843833,8.344947,8.844421,9.343904,9.843931,10.34564,10.843869,11.342893,11.844428,12.344907,12.843803,13.342858,13.843783"
826,0,0,8,"23,252,79,127,127,127,127,127",14,"0.225846,1.225597,2.225377,3.225141,4.224915,5.224703,6.22445,7.224684,8.224002,9.22386,10.224136,11.223329,12.223137,13.222871"
827,0,0,8,"42,255,2,233,0,0,0,0",98,"0.08577,0.388963,0.485739,0.785605,0.885647,1.185518,1.285558,1.389232,1.585446,1.685406,1.785381,1.885417,2.085328,2.1853,2.285329,2.485303,2.585205,2.885214,2.985133,3.285104,3.388216,3.485049,3.584983,3.684955,3.784927,3.885019,3.984892,4.284937,4.388104,4.484846,4.784719,4.884736,4.98467,5.084635,5.38701,5.484618,5.584524,5.684526,5.784481,5.884518,5.984428,6.084433,6.184388,6.284434,6.386077,6.484391,6.584306,6.684277,6.784251,6.88428,6.984243,7.084184,7.18416,7.284206,7.388042,7.484315,7.684072,7.784399,7.884068,7.984348,8.083952,8.183941,8.388131,8.484392,8.584366,8.683833,8.883827,8.98376,9.083734,9.18386,9.283802,9.48374,9.583912,9.683618,9.784009,9.984061,10.083515,10.184223,10.283884,10.483639,10.583423,10.683386,10.783999,10.983316,11.183263,11.386326,11.583173,11.78313,11.983099,12.183041,12.385939,12.583357,12.782907,12.982894,13.182801,13.387302,13.582719,13.782691"
827,0,0,8,"43,255,2,233,0,0,0,0",23,"7.584557,8.28399,8.78383,9.388052,9.883607,10.386721,10.883736,11.083309,11.284124,11.483915,11.683155,11.884035,12.083165,12.283852,12.484193,12.683436,12.88428,13.083412,13.283788,13.484336,13.683581,13.884363,13.982626"
827,0,0,8,"41,255,2,233,0,0,0,0",15,"0.185762,0.285727,0.585652,0.685649,0.985603,1.085553,1.485499,2.685171,2.785178,3.185056,4.084852,4.184838,4.684719,5.184628,5.284632"
827,0,0,8,"40,255,2,233,0,0,0,0",4,"1.985345,2.387096,3.085084,4.584742"
828,0,0,8,"0,102,1,246,0,0,0,0",19,"1.073532,1.223034,2.205304,2.245294,3.894924,4.222345,4.471919,5.222751,5.654581,6.222769,7.221648,8.094525,8.221427,9.294525,10.220968,11.13351,11.220772,12.220569,13.243337"
828,0,0,8,"0,102,1,247,0,0,0,0",13,"0.995624,2.023068,2.075447,3.135187,3.822509,4.355101,5.396447,7.944065,8.021567,9.270872,11.121368,12.993825,13.22031"
828,0,0,8,"0,101,1,245,0,0,0,0",8,"0.155809,0.223261,1.996343,2.055386,4.271977,4.335018,9.221237,9.243764"
828,0,0,8,"0,102,1,255,0,0,0,0",7,"0.973442,2.035425,3.123099,3.155485,7.971967,7.995458,14.020343"
828,0,0,8,"0,101,1,244,0,0,0,0",6,"3.205094,3.245058,5.371793,7.924155,10.354239,12.970062"
828,0,0,8,"0,102,1,250,0,0,0,0",2,"3.795325,11.093849"
828,0,0,8,"0,102,1,252,0,0,0,0",1,3.175136
828,0,0,8,"0,102,1,253,0,0,0,0",1,4.295625
828,0,0,8,"0,101,1,250,0,0,0,0",1,4.322318
830,0,0,2,"0,0,,,,,,",14,"0.997165,1.997613,2.998186,3.997974,4.998415,5.99853,6.998802,7.999064,8.999333,9.999613,11.000026,12.000152,13.000428,14.000864"
832,0,0,8,"255,255,253,0,2,128,0,0",14,"0.404462,1.404423,2.405138,3.40442,4.405148,5.40462,6.404707,7.404362,8.405318,9.404351,10.405471,11.404403,12.404679,13.404283"
834,0,0,5,"0,0,0,0,0,,,",14,"0.389732,1.39,2.388865,3.389984,4.389874,5.387779,6.388426,7.388811,8.388901,9.388821,10.389072,11.388678,12.388288,13.38807"
838,0,0,2,"0,0,,,,,,",14,"0.529466,1.528616,2.53001,3.528816,4.530584,5.529309,6.529651,7.528424,8.528671,9.530392,10.528463,11.528667,12.528876,13.529004"
846,0,0,8,"30,127,30,127,21,31,0,127",14,"0.206326,1.205498,2.222784,3.222542,4.20482,5.204727,6.204405,7.204466,8.20445,9.204411,10.203591,11.203439,12.2034,13.203399"
848,0,0,8,"54,46,12,7,233,11,13,1",1,0.390669
848,0,0,8,"55,46,12,7,233,11,13,1",1,1.390945
848,0,0,8,"56,46,12,7,233,11,13,1",1,2.389814
848,0,0,8,"57,46,12,7,233,11,13,1",1,3.390918
848,0,0,8,"58,46,12,7,233,11,13,1",1,4.390815
848,0,0,8,"59,46,12,7,233,11,13,1",1,5.38872
848,0,0,8,"0,47,12,7,233,11,13,1",1,6.390364
848,0,0,8,"1,47,12,7,233,11,13,1",1,7.390749
848,0,0,8,"2,47,12,7,233,11,13,1",1,8.390827
848,0,0,8,"3,47,12,7,233,11,13,1",1,9.389747
848,0,0,8,"4,47,12,7,233,11,13,1",1,10.391968
848,0,0,8,"5,47,12,7,233,11,13,1",1,11.391605
848,0,0,8,"6,47,12,7,233,11,13,1",1,12.39018
848,0,0,8,"7,47,12,7,233,11,13,1",1,13.389007
852,0,0,3,"91,18,0,,,,,",9,"1.343044,2.843037,4.343089,5.843077,7.343682,8.843893,10.345112,11.8439,13.34345"
855,0,0,8,"0,0,0,0,0,0,0,0",28,"0.391657,0.87859,1.392257,1.878694,2.390809,2.878792,3.391911,3.878597,4.391807,4.878605,5.391568,5.87884,6.391353,6.87861,7.391736,7.878853,8.391819,8.878614,9.391739,9.878625,10.39296,10.878829,11.392598,11.878777,12.392169,12.87901,13.39,13.879267"
856,0,0,4,"4,0,0,0,,,,",14,"0.453342,1.453078,2.453053,3.453047,4.453083,5.453185,6.45309,7.453102,8.453094,9.453081,10.453328,11.453655,12.453877,13.454028"
860,0,0,6,"0,0,16,64,20,0,,",14,"0.958251,1.958524,2.958801,3.957834,4.957839,5.957846,6.957846,7.958117,8.958001,9.958015,10.958096,11.958166,12.958355,13.958135"
876,0,0,8,"84,29,47,93,96,139,120,75",14,"0.393537,1.394159,2.392687,3.393813,4.393687,5.392486,6.393231,7.393642,8.393698,9.393641,10.394882,11.394501,12.393087,13.3939"
896,0,0,8,"0,132,240,192,0,0,0,0",14,"0.395506,1.396141,2.394656,3.395798,4.395526,5.394454,6.395072,7.395623,8.395673,9.395627,10.395864,11.396485,12.395073,13.395885"
897,0,0,8,"181,77,62,96,0,4,0,0",7,"0.392619,2.391767,4.392768,6.392314,8.392776,10.390034,12.389249"
906,0,0,8,"5,0,0,0,0,0,72,35",7,"0.373461,2.373346,4.373458,6.373415,8.373392,10.373644,12.374356"
908,0,0,8,"233,7,11,13,17,46,0,55",2,"1.397063,2.396575"
908,0,0,8,"233,7,11,13,17,46,0,57",2,"3.397575,4.397429"
908,0,0,8,"233,7,11,13,17,46,0,59",2,"5.397365,6.396975"
908,0,0,8,"233,7,11,13,17,47,0,1",2,"7.396553,8.397595"
908,0,0,8,"233,7,11,13,17,47,0,3",2,"9.396546,10.397747"
908,0,0,8,"233,7,11,13,17,47,0,5",2,"11.397403,12.39599"
908,0,0,8,"233,7,11,13,17,46,0,53",1,0.397433
908,0,0,8,"233,7,11,13,17,47,0,7",1,13.396815
911,0,0,8,"25,255,255,255,3,1,1,1",14,"0.46354,1.463571,2.463626,3.463771,4.464188,5.463783,6.464242,7.464528,8.464671,9.465144,10.464599,11.464532,12.464225,13.464995"
914,0,0,8,"217,152,1,70,253,111,253,111",351,"0.008813,0.048856,0.08884,0.12899,0.168826,0.208863,0.248915,0.288864,0.328877,0.369084,0.408967,0.448943,0.488919,0.52893,0.568998,0.609025,0.648964,0.688968,0.729025,0.769015,0.809091,0.851074,0.889028,0.929063,0.969091,1.00906,1.04948,1.089106,1.129095,1.169137,1.209118,1.249128,1.289159,1.329647,1.369185,1.409175,1.449206,1.489275,1.529546,1.569219,1.60922,1.649249,1.689334,1.72932,1.769273,1.809296,1.849341,1.889325,1.929743,1.969331,2.009359,2.049414,2.089428,2.129367,2.169389,2.209439,2.24942,2.289408,2.329418,2.369477,2.409504,2.449507,2.489478,2.529477,2.569518,2.609524,2.649509,2.689937,2.72955,2.769574,2.809605,2.849565,2.890869,2.929602,2.970006,3.009609,3.049747,3.089643,3.129643,3.169681,3.209751,3.249679,3.28975,3.329711,3.369705,3.409717,3.449742,3.489818,3.529765,3.569778,3.609772,3.649841,3.689817,3.729802,3.769819,3.809851,3.849895,3.889915,3.92986,3.969874,4.009949,4.049945,4.089901,4.129915,4.169958,4.210012,4.249997,4.289965,4.330195,4.370003,4.410013,4.450003,4.490014,4.530048,4.57008,4.610502,4.650179,4.69007,4.730084,4.770141,4.810111,4.850111,4.890929,4.931522,4.970166,5.010158,5.050172,5.090253,5.130208,5.170196,5.210207,5.250228,5.290295,5.330258,5.370249,5.41027,5.450335,5.490305,5.530309,5.570316,5.610334,5.650406,5.690417,5.730351,5.770364,5.810428,5.8504,5.890421,5.930407,5.970421,6.010486,6.050493,6.090459,6.13046,6.170501,6.210508,6.250711,6.290508,6.330517,6.37056,6.410595,6.45055,6.490558,6.530585,6.570619,6.610637,6.650602,6.690618,6.730629,6.770672,6.810649,6.850662,6.890735,6.930699,6.972224,7.010705,7.051125,7.090799,7.130747,7.170751,7.210762,7.250827,7.290798,7.330801,7.370805,7.410813,7.450881,7.490907,7.530846,7.570853,7.610933,7.650911,7.690927,7.730916,7.770913,7.81099,7.850986,7.89094,7.930953,7.97099,8.011,8.051007,8.091052,8.131444,8.171077,8.211097,8.251041,8.291052,8.331076,8.371111,8.412077,8.451101,8.491112,8.531123,8.571151,8.61114,8.651163,8.691242,8.731188,8.771202,8.811313,8.851204,8.891283,8.931248,8.971241,9.013395,9.051679,9.091296,9.131292,9.171299,9.211306,9.251393,9.291399,9.331335,9.371348,9.411407,9.451394,9.491418,9.531392,9.571401,9.611474,9.651477,9.691486,9.731451,9.771524,9.811492,9.851525,9.891855,9.931504,9.971553,10.011568,10.051549,10.091549,10.13156,10.171599,10.211659,10.251589,10.291603,10.33162,10.371651,10.411661,10.451649,10.49166,10.532089,10.571701,10.61169,10.651702,10.691776,10.731765,10.771856,10.811747,10.851751,10.891788,10.931782,10.97179,11.011797,11.053178,11.091891,11.131848,11.171841,11.211851,11.251911,11.291965,11.331887,11.371899,11.411977,11.451976,11.491946,11.532086,11.572015,11.611986,11.652049,11.691986,11.732,11.772063,11.81208,11.852051,11.892047,11.93205,11.972669,12.012152,12.052089,12.092091,12.132114,12.17268,12.21215,12.252185,12.292154,12.332179,12.372413,12.412186,12.452195,12.492268,12.532226,12.57343,12.612242,12.652251,12.692278,12.732273,12.773181,12.81327,12.852931,12.892383,12.932339,12.972774,13.013256,13.052376,13.09401,13.133006,13.173225,13.213302,13.252462,13.293395,13.333044,13.373211,13.413259,13.453341,13.493385,13.533011,13.573739,13.613267,13.652554,13.695355,13.733026,13.773212,13.813297,13.852937,13.893363,13.933018,13.973339,14.013249"
915,0,0,8,"0,0,0,0,0,0,0,0",350,"0.020429,0.060149,0.100338,0.140917,0.180357,0.220948,0.260402,0.30063,0.342471,0.380931,0.420225,0.460622,0.500966,0.540473,0.581058,0.620337,0.661622,0.700479,0.740577,0.780312,0.820907,0.861489,0.90053,0.94114,0.980362,1.020772,1.061524,1.100739,1.140511,1.181088,1.221042,1.260647,1.300778,1.340461,1.3812,1.420691,1.461636,1.50064,1.541272,1.580927,1.620756,1.662569,1.700549,1.741017,1.780815,1.820939,1.861492,1.900889,1.941221,1.980874,2.020979,2.061513,2.100692,2.141025,2.180948,2.220943,2.261579,2.301335,2.340976,2.397571,2.420768,2.460762,2.50112,2.541035,2.58106,2.621184,2.662223,2.701015,2.74151,2.780848,2.821046,2.861585,2.901375,2.941105,2.981398,3.021585,3.061837,3.101547,3.140943,3.181283,3.221318,3.261677,3.301238,3.341286,3.382195,3.421244,3.461837,3.501056,3.541484,3.5814,3.621326,3.661586,3.701416,3.741697,3.781408,3.821516,3.861609,3.901682,3.941972,3.981388,4.021428,4.061714,4.101909,4.141502,4.181813,4.221235,4.261982,4.301848,4.341497,4.38208,4.423426,4.462163,4.501461,4.541943,4.581345,4.621925,4.66265,4.701645,4.741643,4.781465,4.822262,4.861709,4.901815,4.941546,4.981956,5.022133,5.061695,5.101721,5.141557,5.1815,5.221766,5.261898,5.301557,5.342206,5.398366,5.421836,5.461844,5.501591,5.541599,5.581845,5.621961,5.661848,5.701918,5.742461,5.781897,5.821925,5.862056,5.901699,5.941984,5.982547,6.021942,6.06206,6.102361,6.142029,6.182004,6.221784,6.262047,6.302043,6.342175,6.398975,6.42388,6.465242,6.502101,6.542137,6.581873,6.621884,6.662181,6.702267,6.742183,6.782162,6.823518,6.862242,6.902151,6.941968,6.982087,7.022216,7.062387,7.102288,7.142183,7.182837,7.222648,7.262337,7.302084,7.342098,7.397554,7.422483,7.462589,7.502457,7.542958,7.582372,7.622433,7.66221,7.702489,7.742451,7.782567,7.8225,7.863462,7.903427,7.942487,7.982516,8.022564,8.063475,8.102437,8.14264,8.182874,8.222636,8.263401,8.303482,8.343418,8.398591,8.423419,8.463701,8.50544,8.542684,8.583389,8.622451,8.663388,8.702687,8.742492,8.782628,8.823511,8.863419,8.903378,8.942772,8.98267,9.022813,9.063935,9.103404,9.143361,9.182883,9.222827,9.263402,9.303565,9.343375,9.397545,9.42347,9.464175,9.504354,9.543064,9.582939,9.62296,9.663475,9.703541,9.742972,9.783032,9.823541,9.864124,9.904395,9.943072,9.983085,10.022847,10.063357,10.103538,10.143127,10.183249,10.223195,10.26359,10.303458,10.343533,10.39396,10.42342,10.46363,10.503435,10.54463,10.58442,10.6236,10.663548,10.703479,10.743019,10.783022,10.823378,10.863422,10.904397,10.94331,10.984313,11.023325,11.063633,11.1034,11.143135,11.184263,11.22433,11.263989,11.303433,11.343893,11.389681,11.424027,11.463563,11.503383,11.543596,11.584174,11.624089,11.663559,11.704521,11.743549,11.784131,11.823375,11.863411,11.904408,11.944222,11.984155,12.023713,12.064039,12.104316,12.143711,12.184041,12.224137,12.264261,12.304369,12.344378,12.394088,12.424669,12.465225,12.504331,12.543522,12.584782,12.624363,12.663813,12.7044,12.743857,12.784897,12.823821,12.863856,12.904327,12.943762,12.984245,13.023911,13.064405,13.104312,13.144135,13.183931,13.22397,13.263751,13.304345,13.344458,13.390997,13.424553,13.464026,13.504561,13.544015,13.584057,13.623946,13.664581,13.70445,13.744045,13.784446,13.823849,13.864547,13.904314,13.944206,13.984106"
917,0,0,8,"3,255,7,255,0,0,240,0",28,"0.324195,0.822547,1.323231,1.822474,2.324227,2.822573,3.3232,3.823482,4.324923,4.823239,5.323178,5.822901,6.324204,6.822518,7.323308,7.823477,8.324278,8.82251,9.323337,9.822544,10.324071,10.822378,11.323143,11.822366,12.32419,12.822357,13.323088,13.822338"
918,0,0,8,"217,152,1,70,253,111,253,111",351,"0.007357,0.047359,0.087288,0.127302,0.167318,0.207343,0.24733,0.287344,0.327378,0.368158,0.407463,0.447544,0.487399,0.527422,0.567462,0.607431,0.647445,0.687476,0.727561,0.767507,0.807679,0.848777,0.887508,0.927559,0.967532,1.00754,1.047557,1.08761,1.127646,1.167585,1.207594,1.247609,1.287635,1.327638,1.367634,1.407678,1.447761,1.487677,1.527679,1.567692,1.607732,1.64773,1.687752,1.727738,1.767753,1.807778,1.847784,1.887778,1.92779,1.96782,2.007839,2.04785,2.087838,2.127856,2.167917,2.207919,2.247878,2.287889,2.32793,2.367954,2.407954,2.447933,2.487974,2.52798,2.568023,2.607978,2.647982,2.688019,2.728047,2.768051,2.808031,2.848042,2.889424,2.928105,2.968072,3.008082,3.04819,3.088125,3.128139,3.168217,3.208224,3.248196,3.288215,3.328168,3.368177,3.408205,3.448223,3.488251,3.528278,3.568239,3.608284,3.648314,3.688263,3.728283,3.768299,3.808324,3.848328,3.888326,3.928643,3.968402,4.008425,4.048363,4.088382,4.128395,4.168439,4.208433,4.248493,4.288433,4.329265,4.368508,4.408469,4.448479,4.488495,4.528553,4.568553,4.608579,4.64853,4.688591,4.728555,4.768564,4.808575,4.848591,4.88861,4.930105,4.968632,5.008622,5.048741,5.088682,5.12867,5.168674,5.208696,5.248725,5.288729,5.328723,5.368722,5.408767,5.4488,5.488778,5.528776,5.568836,5.608823,5.648844,5.688815,5.729134,5.768868,5.808901,5.848937,5.888868,5.928919,5.969259,6.008994,6.048912,6.088931,6.128996,6.16899,6.208978,6.249785,6.28898,6.329021,6.369065,6.40901,6.449019,6.489078,6.529115,6.569147,6.609078,6.649074,6.689106,6.729185,6.769258,6.809122,6.849151,6.889144,6.929171,6.97044,7.009225,7.049204,7.089291,7.129212,7.169216,7.209251,7.2493,7.289278,7.329343,7.369357,7.409305,7.449385,7.489308,7.529357,7.569349,7.609339,7.649394,7.689376,7.729365,7.769418,7.809478,7.8494,7.889413,7.929456,7.969486,8.009527,8.049511,8.089461,8.12953,8.169553,8.209495,8.249514,8.289549,8.329588,8.369583,8.410158,8.449565,8.4896,8.529659,8.569593,8.609605,8.649678,8.6901,8.729673,8.769821,8.809744,8.849701,8.88978,8.929693,8.969707,9.011268,9.04977,9.08976,9.129749,9.169764,9.20981,9.249866,9.28979,9.329801,9.36986,9.409896,9.449859,9.489844,9.529856,9.569913,9.60997,9.649896,9.690191,9.729932,9.769986,9.809958,9.849947,9.889952,9.93,9.970039,10.010049,10.049999,10.090045,10.130033,10.170072,10.210054,10.250055,10.290092,10.330156,10.370093,10.410094,10.450106,10.490125,10.53015,10.570142,10.610154,10.650175,10.690178,10.730827,10.770192,10.810259,10.85022,10.89026,10.930239,10.970251,11.010284,11.051654,11.09029,11.130296,11.170306,11.210332,11.250356,11.290339,11.330349,11.370403,11.410461,11.450456,11.490391,11.530453,11.570495,11.610443,11.650432,11.690444,11.730496,11.770543,11.810559,11.850547,11.890496,11.930597,11.970557,12.01053,12.050542,12.090575,12.130649,12.170617,12.210616,12.25063,12.290678,12.330651,12.370628,12.410642,12.450673,12.490725,12.530676,12.571535,12.610699,12.650711,12.690731,12.730729,12.770739,12.810789,12.850858,12.890774,12.930785,12.970993,13.010849,13.050829,13.092098,13.130839,13.170882,13.210951,13.25088,13.29106,13.330894,13.370907,13.410939,13.450927,13.490936,13.530967,13.57102,13.610972,13.650976,13.690987,13.731017,13.771046,13.811029,13.851031,13.891066,13.931103,13.971126,14.011072"
923,0,0,8,"246,27,47,93,117,139,120,75",14,"0.39832,1.398021,2.398462,3.398461,4.399321,5.399253,6.399862,7.398441,8.399482,9.398432,10.399617,11.398309,12.397842,13.397894"
925,0,0,8,"45,0,0,0,0,0,0,0",14,"0.996609,1.995358,2.994955,3.995327,4.994395,5.994514,6.993514,7.993481,8.993473,9.992146,10.991746,11.991579,12.991852,13.990691"
928,0,0,8,"0,0,0,0,0,0,0,0",14,"0.400263,1.399135,2.399462,3.399662,4.400317,5.400254,6.400862,7.399441,8.400478,9.399432,10.401614,11.399436,12.399823,13.399029"
930,0,0,6,"0,10,30,1,0,1,,",14,"0.443301,1.443273,2.443284,3.443382,4.443259,5.44324,6.443173,7.443192,8.443172,9.443161,10.443289,11.443144,12.443155,13.443131"
946,0,0,8,"64,0,102,0,0,255,255,0",14,"0.434159,1.43401,2.433999,3.433984,4.434032,5.43409,6.434094,7.434017,8.433976,9.433988,10.434129,11.43403,12.434109,13.434046"
947,0,0,8,"113,114,66,251,229,183,255,80",7,"0.582498,2.582429,4.582518,6.582803,8.582389,10.582445,12.582381"
948,0,0,8,"121,239,48,0,0,0,66,0",7,"0.362687,2.362939,4.363045,6.362994,8.363297,10.362714,12.363046"
962,0,0,8,"1,0,0,0,0,0,0,112",7,"0.363695,2.363939,4.364045,6.363995,8.364294,10.36371,12.36414"
969,0,0,4,"90,50,0,0,,,,",14,"0.314362,1.314328,2.314364,3.314223,4.314254,5.314307,6.314191,7.314202,8.314143,9.314157,10.314278,11.314119,12.314157,13.314129"
973,0,0,8,"64,0,48,240,252,48,207,63",7,"0.365342,2.361966,4.362068,6.362017,8.36232,10.365357,12.362073"
978,0,0,4,"23,24,176,0,,,,",14,"0.423228,1.423116,2.423101,3.423116,4.424088,5.423483,6.424546,7.424131,8.424085,9.424132,10.424084,11.42303,12.42312,13.423553"
984,0,0,8,"1,0,100,250,4,35,0,0",7,"0.483456,2.483391,4.483401,6.483328,8.483419,10.484598,12.48515"
990,0,0,8,"190,30,30,0,3,97,209,2",14,"0.414612,1.414483,2.414585,3.414467,4.414491,5.414493,6.414419,7.414748,8.415036,9.414383,10.414618,11.414938,12.415144,13.415224"
992,0,0,8,"1,84,53,76,78,51,52,48",47,"0.061992,0.366272,0.660621,0.960476,1.261565,1.560489,1.860495,2.160512,2.461684,2.760526,3.060841,3.360547,3.660589,3.960683,4.260982,4.561644,4.862626,5.163253,5.464709,5.760748,6.061021,6.360804,6.660854,6.961081,7.260882,7.560886,7.860898,8.160898,8.460915,8.760678,9.060708,9.360709,9.661506,9.962326,10.264508,10.560723,10.86075,11.160738,11.460751,11.760764,12.060776,12.360794,12.66079,12.961609,13.260983,13.560994,13.860997"
992,0,0,8,"2,52,49,57,0,0,0,0",47,"0.163012,0.464509,0.760553,1.060528,1.360532,1.660723,1.960547,2.260555,2.560551,2.860584,3.160882,3.460836,3.760649,4.060713,4.361076,4.661649,4.962311,5.263825,5.560774,5.861056,6.160943,6.460858,6.760915,7.060923,7.360935,7.660942,7.961342,8.26096,8.560962,8.860739,9.160748,9.46139,9.761605,10.062357,10.366326,10.660778,10.9611,11.260795,11.561467,11.860821,12.160827,12.460827,12.760839,13.061033,13.361043,13.661039,13.961073"
992,0,0,8,"0,49,67,54,83,82,70,72",46,"0.262244,0.560653,0.860488,1.160491,1.460636,1.760495,2.060513,2.360532,2.661223,2.960575,3.260678,3.5606,3.860608,4.160888,4.461017,4.761868,5.062625,5.363443,5.66084,5.961022,6.261047,6.560855,6.860884,7.160887,7.461588,7.760905,8.061049,8.361367,8.660684,8.961794,9.260721,9.561319,9.862153,10.162368,10.460747,10.760747,11.060757,11.360762,11.661333,11.961408,12.260782,12.560793,12.860803,13.160988,13.460998,13.761013"
995,0,0,8,"253,12,16,65,33,32,0,0",7,"0.415578,2.415551,4.41546,6.415384,8.416006,10.415588,12.416113"
996,0,0,8,"193,223,153,114,133,0,0,0",7,"0.406285,2.4061,4.406109,6.405672,8.406279,10.406428,12.405635"
1000,0,0,8,"81,53,162,123,0,11,142,12",7,"0.399266,2.400403,4.401262,6.401807,8.401428,10.40256,12.401773"
1001,0,0,8,"1,10,20,0,36,36,0,0",7,"0.401224,2.402235,4.402248,6.406637,8.402399,10.396825,12.396951"
1002,0,0,8,"65,68,62,9,160,196,131,237",7,"0.374411,2.3743,4.374411,6.374363,8.374341,10.374597,12.375308"
1003,0,0,8,"67,232,15,80,10,80,10,100",7,"0.367229,2.365589,4.365692,6.365642,8.365945,10.367276,12.365792"
1010,0,0,8,"201,2,91,33,29,32,16,6",7,"0.334193,2.334984,4.334033,6.334076,8.333979,10.334194,12.334755"
1012,0,0,8,"17,0,240,32,127,87,5,199",7,"0.315323,2.315324,4.315215,6.31516,8.315112,10.315238,12.315118"
1025,0,0,8,"253,3,4,15,0,0,0,1",17,"0.32518,1.142651,1.962754,2.782681,3.604404,4.425073,5.243437,6.064002,6.864188,7.682619,8.504439,9.324322,10.163353,11.004376,11.845413,12.684413,13.522958"
1027,0,0,8,"253,4,63,255,255,255,255,255",17,"0.425993,1.236512,2.056379,2.875321,3.705078,4.525061,5.33475,6.154538,6.954359,7.774208,8.604406,9.425123,10.253585,11.105335,11.943225,12.7839,13.622899"
1028,0,0,8,"253,5,191,255,255,255,255,255",17,"0.508775,1.328718,2.148911,2.96908,3.789359,4.609571,5.4298,6.248855,7.050196,7.87047,8.689174,9.509019,10.348976,11.189001,12.029031,12.86933,13.709384"
1029,0,0,8,"253,10,191,255,255,255,255,255",17,"0.598113,1.41862,2.238871,3.059919,3.87959,4.699253,5.520149,6.340176,7.14007,7.960334,8.780373,9.600432,10.441316,11.281154,12.121626,12.962602,13.801674"
1034,0,0,8,"253,44,191,255,255,255,255,255",17,"0.689953,1.510866,2.333097,3.154512,3.976355,4.798241,5.620048,6.421905,7.223743,8.045542,8.867367,9.689266,10.531158,11.373848,12.21486,13.05676,13.898678"
1068,0,0,8,"253,58,63,255,255,255,255,255",17,"0.790101,1.610204,2.430055,3.25066,4.070009,4.89,5.71014,6.510172,7.310306,8.130514,8.950757,9.789833,10.629807,11.469786,12.309755,13.149733,13.989706"
1082,0,0,8,"253,62,191,255,255,255,255,255",17,"0.034197,0.873872,1.693628,2.513571,3.333061,4.15256,4.972228,5.791898,6.591559,7.41179,8.230921,9.050747,9.890925,10.729897,11.569561,12.409225,13.248905"
1086,0,0,8,"253,63,4,15,0,0,0,1",17,"0.135029,0.955075,1.77512,2.595165,3.415451,4.23585,5.055296,5.875341,6.67539,7.495433,8.316096,9.13552,9.975566,10.81561,11.655653,12.495701,13.335741"
1087,0,0,8,"253,1,63,255,255,255,255,255",17,"0.228775,1.04855,1.868309,2.689011,3.509282,4.328339,5.148325,5.968334,6.768331,7.58834,8.411152,9.228365,10.068339,10.908452,11.748349,12.588557,13.428473"
1098,0,0,8,"1,0,0,0,0,0,0,224",7,"0.56266,2.562648,4.562681,6.562523,8.562529,10.562654,12.562457"
1100,0,0,8,"113,0,0,0,0,0,0,0",7,"0.573427,2.573357,4.573344,6.573403,8.573408,10.573661,12.574415"
