ID,Break,Sync,Data,Checksum,Count,Timestamps
0x0D,,0x55,"0x00,0x00",0xF2,138,"70519,220515,370527,520530,670514,820527,970507,1120507,1270507,1420633,1570511,1720512,1870522,2020514,2170499,2320530,2470499,2620507,2770499,2920484,3070506,3220480,3370475,3520473,3670481,3820476,3970468,4120473,4270476,4420469,4570468,4720461,4870468,5020466,5170461,5320461,5470483,5620475,5770453,5920469,6070484,6220446,6370446,6520445,6670469,6820461,6970435,7120435,7270446,7420438,7570436,7720436,7870438,8020429,8170428,8320429,8470436,8620429,8770422,8920422,9070429,9220420,9370413,9520421,9670421,9820414,9970429,10120407,10270413,10420407,10570404,10720422,10870414,11020418,11170397,11320429,11470422,11620392,11770420,11920407,12070399,12220384,12370380,12520380,12670391,12820377,12970372,13120372,13270385,13420372,13570369,13720364,13870372,14020362,14170361,14320468,14470384,14620357,14770372,14920397,15070380,15220369,15370346,15520372,15670356,15820349,15970341,16120341,16270349,16420341,16570334,16720339,16870372,17020334,17170334,17320341,17470334,17620349,17770334,17920349,18070357,18220349,18370341,18520364,18670349,18820341,18970334,19120334,19270341,19420311,19570303,19720303,19870311,20020300,20170296,20320296,20470303,20620326"
0x0D,0x00,0x55,"0x00,0x00",0xF2,1,3527
0x1F,,0x55,"0x79,0xC9,0x00,0x0C,0x00,0xC0,0xFF,0xFF",0xD0,298,"15594,45561,165527,195537,315534,345538,410515,465522,495527,615530,645522,710507,765535,795530,915529,945530,1065512,1095522,1215527,1245511,1365519,1395522,1460538,1515519,1545514,1665512,1695514,1815519,1845504,1965515,1995512,2115512,2145515,2265499,2295515,2415515,2445492,2565507,2595506,2660499,2715507,2745527,2865507,2895506,2960484,3015496,3045499,3165522,3195507,3315499,3345496,3465506,3495496,3560476,3615527,3645484,3710473,3765496,3795512,3915491,3945496,4065484,4095491,4215497,4245483,4310469,4365492,4395515,4515489,4545506,4665478,4695507,4815492,4845476,4910458,4965484,4995483,5115480,5145484,5265473,5295468,5415496,5445469,5565476,5595476,5715476,5745476,5865450,5895491,6015492,6045461,6165469,6195483,6315473,6345466,6465461,6495484,6615469,6645476,6765461,6795484,6915484,6945469,7065450,7095484,7215476,7245443,7365461,7395476,7515476,7545453,7665446,7695473,7815469,7845446,7910429,7965450,7995469,8115469,8145437,8265453,8295469,8415466,8445436,8510429,8565458,8595461,8715438,8745443,8865436,8895446,9015438,9045443,9165454,9195438,9315443,9345438,9465434,9495458,9615451,9645438,9765454,9795436,9915436,9945446,10065453,10095429,10215450,10245436,10365461,10395429,10460413,10515446,10545443,10665434,10695426,10760399,10815435,10845446,10965435,10995412,11115427,11145438,11265412,11295433,11415418,11445429,11565421,11595421,11715413,11745436,11865418,11895545,12015413,12045418,12110392,12165429,12195407,12315414,12345407,12465397,12495407,12615413,12645453,12765408,12795407,12915408,12945421,13065392,13095413,13215404,13245384,13365419,13395413,13515397,13545491,13665377,13695411,13760364,13815397,13845384,13965412,13995384,14060372,14115412,14145408,14265372,14295392,14360357,14415377,14445372,14565405,14595404,14715377,14745380,14865364,14895380,15015380,15045364,15110354,15165377,15195372,15315372,15345372,15465361,15495372,15615371,15645364,15710349,15765372,15795364,15915369,15945364,16065356,16095364,16215370,16245357,16365357,16395362,16515357,16545357,16665346,16695349,16815362,16845346,16965356,16995349,17060346,17115353,17145354,17265331,17295353,17415357,17445341,17565346,17595346,17715349,17745364,17810349,17865342,17895346,18015349,18045341,18165353,18195341,18315341,18345341,18465349,18495364,18615357,18645326,18765353,18795331,18915338,18945334,19065326,19095361,19215356,19245338,19310311,19365349,19395326,19515331,19545318,19665334,19695326,19815331,19845354,19965338,19995326,20115311,20145341,20265311,20295326,20415318,20445303,20565316,20595318"
0x1F,0x00,0x55,"0x79,0xC9,0x00,0x0C,0x00,0xC0,0xFF,0xFF",0xD0,6,"1161,2412,3067,3966,5171,5676"
0x32,,0x55,"0x09,0x00",0xC4,28,"630515,780514,1080522,1230507,1380530,1680514,2730492,3630484,4230476,5280476,6480484,8430429,8880435,9180421,9330422,11430499,12630392,14130372,15030364,15630349,15930372,16080357,16380342,17130334,17430342,17730334,17880372,18780349"
0x32,0x00,0x55,"0x09,0x00",0xC4,1,2723
0x42,,0x55,"0x00,0xFF",0xBD,138,"55549,205560,355542,505534,655522,805542,955545,1105538,1255530,1405542,1555530,1705522,1855514,2005522,2155527,2305515,2455519,2605512,2755515,2905507,3055492,3205499,3355504,3505515,3655506,3805507,3955499,4105515,4255484,4405522,4555489,4705504,4855496,5005491,5155484,5305484,5455473,5605484,5755481,5905476,6055454,6205476,6355468,6505468,6655481,6805469,6955484,7105461,7255466,7405461,7555481,7705458,7855468,8005450,8155473,8305453,8455458,8605450,8755446,8905454,9055436,9205438,9355469,9505461,9655434,9805453,9955438,10105453,10255422,10405446,10555436,10705446,10855413,11005438,11155421,11305438,11455412,11605438,11755411,11905433,12055400,12205433,12355411,12505412,12655420,12805407,12955445,13105404,13255391,13405407,13555429,13705392,13855476,14005428,14155426,14305407,14455392,14605399,14755391,14905380,15055369,15205380,15355379,15505372,15655362,15805372,15955372,16105372,16255357,16405369,16555362,16705357,16855349,17005364,17155356,17305357,17455334,17605354,17755354,17905349,18055341,18205361,18355349,18505364,18655349,18805357,18955341,19105357,19255326,19405334,19555326,19705349,19855318,20005346,20155323,20305331,20455311,20605323"
0x42,0x00,0x55,"0x00,0xFF",0xBD,1,3295
0x61,,0x55,"0x20,0x44,0xFF,0xFF,0xFF,0xFF,0xFF,0xFF",0x3A,107,"140519,290522,440530,590530,740511,1040538,1190522,1340527,1490527,1640515,1790514,1940522,2090522,2240507,2390507,2840496,3290491,3440499,3590491,3740484,3890484,4340476,4490476,4640484,4790484,4940469,5090476,5690489,5840468,5990466,6140458,6290461,6440458,6590481,6740446,6890458,7190469,7490446,7640451,7790446,7940438,8390438,8540537,8840435,9140446,9290445,9440429,9590429,9740422,9890429,10040426,10190429,10490419,10640438,10790422,10940407,11090414,11240413,11390414,11690436,11990407,12140412,12440407,12590399,12890392,13040392,13190400,13340379,13490392,13790384,14090377,14540364,14690371,14840372,14990372,15290364,15440364,15590364,15740357,15890392,16040372,16190392,16340371,16490349,16640349,16940341,17090349,17240346,17390357,17540333,17690364,17840364,17990357,18140357,18290357,18740346,18890357,19040357,19190349,19340319,19490349,19640318,19790319,20090311,20240311,20390311,20540303"
0x61,0x00,0x55,"0x20,0x44,0xFF,0xFF,0xFF,0xFF,0xFF,0xFF",0x3A,3,"1805,4541,6276"
0x6A,,0x55,"0x24,0xA0,0x00,0x00,0x00,0xFF,0xFF,0xFF",0xD0,137,"120515,270530,420512,570511,720514,870522,1020530,1170530,1320529,1470522,1620499,1770506,1920499,2070511,2220499,2370496,2520489,2670496,2820491,2970489,3120489,3270491,3420484,3570476,3720476,3870484,4020473,4170473,4320473,4470476,4620469,4770466,4920469,5070476,5220461,5370461,5520461,5670489,5820453,5970453,6120458,6270595,6420450,6570461,6720445,6870476,7020461,7170481,7320461,7470468,7620458,7770453,7920492,8070460,8220446,8370468,8520443,8670438,8820446,8970429,9120421,9270429,9420419,9570418,9720418,9870429,10020413,10170415,10320415,10470422,10620425,10770407,10920421,11070414,11220407,11370405,11520400,11670436,11820422,11970392,12120400,12270399,12420391,12570392,12720380,12870392,13020379,13170377,13320379,13470392,13620407,13770372,13920369,14070376,14220364,14370364,14520364,14670372,14820364,14970357,15120404,15270364,15420354,15570349,15720349,15870356,16020346,16170369,16320364,16470349,16620341,16770341,16920341,17070349,17220346,17370341,17520349,17670346,17820354,17970346,18120349,18270357,18420349,18570349,18720349,18870349,19020364,19170433,19320357,19470361,19620326,19770326,19920326,20070362,20220333,20370318,20520354"
0x6A,0x00,0x55,"0x24,0xA0,0x00,0x00,0x00,0xFF,0xFF,0xFF",0xD0,3,"1437,4194,5907"
0x6A,,0x55,"0x24,0xA0",0x00,1,20670311
0x80,,0x55,,0x00,110,"25588,175537,325545,475519,925529,1525522,1825542,1975522,2125631,2275507,2425515,2575514,2875491,3025507,3175507,3325772,3475492,3775499,3925499,4075484,4375496,4525624,4675499,4825507,4975484,5125481,5425499,5575484,5725688,5875484,6025473,6175476,6325468,6625461,6775492,6925639,7075453,7225461,7375484,7525453,7675461,7825476,7975476,8125538,8275446,8575453,8725442,9025446,9475438,9625453,9775438,9925453,10075429,10225453,10375429,10525599,10675413,10825461,10975438,11125438,11275421,11575421,11725645,11875422,12025446,12175421,12325413,12475413,12775415,12925645,13075400,13225400,13375400,13525422,13675379,13825414,13975400,14275372,14425380,14575407,14725380,14875372,15175364,15325372,15475356,15775399,16225364,16525438,16675349,16825361,16975372,17275341,17575357,18025357,18175357,18325356,18475334,18625364,18925400,19075323,19225364,19375331,19525331,19675319,19825349,19975326,20125421,20275310,20425339,20575319"
0x80,,0x55,,0xFF,28,"625530,775535,1075515,1225521,1375530,1675512,2725515,3625522,4225491,5275476,6475476,8425453,8875436,9175446,9325438,11425446,12625413,14125473,15025377,15625371,15925372,16075356,16375364,17125354,17425354,17725545,17875333,18775341"
0x80,0x00,0x55,,0x00,1,2666
0x8E,,0x55,"0x60,0x7F",0x91,137,"155542,305530,455522,605538,755530,905527,1055515,1205527,1355519,1505519,1655507,1805519,1955519,2105515,2255489,2405512,2555506,2705506,2855499,3005507,3155503,3305522,3455488,3605522,3755514,3905496,4055483,4205488,4355492,4505496,4655496,4805504,4955481,5105469,5255468,5405497,5555481,5705476,5855481,6005476,6155476,6305469,6455458,6605466,6755484,6905469,7055469,7205458,7355476,7505453,7655461,7805473,7955458,8105453,8255435,8405466,8555446,8705461,8855433,9005568,9155469,9305435,9455446,9605476,9755453,9905461,10055433,10205466,10355429,10505445,10655429,10805436,10955421,11105436,11255407,11405438,11555419,11705429,11855404,12005436,12155412,12305412,12455399,12605415,12755404,12905400,13055391,13205405,13355399,13505400,13655372,13805411,13955384,14105404,14255377,14405392,14555405,14705379,14855364,15005379,15155377,15305377,15455361,15605369,15755364,15905369,16055357,16205364,16355361,16505349,16655346,16805362,16955356,17105356,17255341,17405354,17555349,17705349,17855334,18005354,18155346,18305364,18455349,18605356,18755357,18905357,19055326,19205341,19355324,19505331,19655316,19805346,19955331,20105341,20255308,20405341,20555319"
0x8E,0x00,0x55,"0x60,0x7F",0x91,3,"2175,4943,6648"
0x9C,,0x55,"0x00,0x00,0x2C,0x10,0xE0,0xFF,0x3F,0x35",0xD1,138,"35595,185537,335538,485529,635550,785530,935522,1085519,1235527,1385519,1535522,1685504,1835519,1985512,2135512,2285504,2435514,2585507,2735507,2885496,3035527,3185507,3335527,3485511,3635499,3785491,3935515,4085507,4235489,4385515,4535476,4685481,4835481,4985481,5135484,5285476,5435512,5585476,5735473,5885469,6035491,6185476,6335469,6485461,6635461,6785461,6935481,7085450,7235473,7385450,7535476,7685446,7835469,7985469,8135473,8285443,8435446,8585443,8735446,8885435,9035446,9185458,9335461,9485429,9635450,9785446,9935436,10085438,10235422,10385442,10535429,10685436,10835446,10985438,11135438,11285438,11435418,11585519,11735433,11885443,12035428,12185443,12335421,12485421,12635496,12785443,12935404,13085399,13235436,13385407,13535405,13685392,13835414,13985391,14135413,14285377,14435385,14585404,14735380,14885372,15035372,15185369,15335371,15485364,15635369,15785364,15935356,16085354,16235361,16385364,16535364,16685354,16835356,16985354,17135354,17285347,17435349,17585354,17735349,17885334,18035339,18185362,18335341,18485346,18635376,18785326,18935364,19085323,19235357,19385333,19535330,19685338,19835341,19985343,20135323,20285331,20435319,20585318"
0x9C,0x00,0x55,"0x00,0x00,0x2C,0x10,0xE0,0xFF,0x3F,0x35",0xD1,1,2836
0xAD,,0x55,,0x00,30,"885522,2535515,2685499,2985506,3135504,4035504,4185515,5235484,5385484,5535476,7035484,7335474,8085446,8235453,8685438,8985461,10335446,11535421,11835438,12285399,12735429,13635399,13935400,14235380,14385391,15135380,16785364,18435369,18585361,19935326"
0xAD,,0x55,,0xFF,11,"135537,2235514,6585469,8835484,9435438,9885443,10185446,16185380,17085342,17385349,20235318"
0xAD,0x00,0x55,,0x00,3,"1748,4484,6218"
0xB1,,0x55,"0x0C,0x00",0x42,138,"90519,240521,390519,540515,690514,840515,990514,1140507,1290507,1440507,1590507,1740496,1890507,2040507,2190530,2340489,2490499,2640499,2790499,2940484,3090492,3240489,3390492,3540476,3690591,3840507,3990499,4140489,4290496,4440499,4590496,4740481,4890484,5040468,5190468,5340458,5490481,5640488,5790469,5940469,6090461,6240475,6390458,6540445,6690484,6840489,6990454,7140458,7290458,7440443,7590446,7740433,7890438,8040437,8190438,8340429,8490436,8640436,8790436,8940421,9090429,9240429,9390428,9540421,9690421,9840421,9990422,10140412,10290413,10440438,10590413,10740421,10890415,11040414,11190415,11340421,11490422,11640407,11790436,11940412,12090399,12240400,12390399,12540380,12690391,12840392,12990391,13140379,13290380,13440380,13590380,13740369,13890377,14040372,14190372,14340364,14490372,14640369,14790369,14940356,15090364,15240364,15390361,15540354,15690356,15840356,15990372,16140364,16290379,16440372,16590476,16740341,16890392,17040361,17190361,17340380,17490356,17640369,17790364,17940348,18090354,18240400,18390357,18540372,18690349,18840349,18990346,19140342,19290341,19440341,19590349,19740303,19890311,20040311,20190310,20340303,20490303,20640333"
0xB1,0x00,0x55,"0x0C,0x00",0x42,3,"980,3792,5479"
0xC1,,0x55,"0x00,0x10,0x00,0xFF",0x2E,138,"80530,230515,380515,530507,680522,830507,980527,1130506,1280527,1430496,1580499,1730622,1880504,2030491,2180538,2330504,2480522,2630489,2780507,2930499,3080514,3230476,3380492,3530492,3680507,3830489,3980491,4130468,4280484,4430469,4580468,4730461,4880476,5030461,5180461,5330460,5480484,5630476,5780450,5930453,6080466,6230446,6380476,6530446,6680453,6830468,6980438,7130443,7280461,7430438,7580433,7730436,7880446,8030434,8180428,8330426,8480438,8630425,8780421,8930422,9080436,9230418,9380421,9530413,9680425,9830414,9980411,10130407,10280422,10430407,10580433,10730405,10880426,11030399,11180397,11330413,11480436,11630419,11780400,11930412,12080400,12230392,12380380,12530380,12680400,12830376,12980380,13130380,13280384,13430369,13580369,13730364,13880379,14030364,14180364,14330361,14480372,14630357,14780356,14930357,15080364,15230400,15380349,15530364,15680361,15830357,15980349,16130364,16280397,16430338,16580356,16730334,16880377,17030349,17180354,17330334,17480349,17630333,17780341,17930338,18080356,18230346,18380342,18530364,18680354,18830339,18980341,19130339,19280346,19430308,19580303,19730303,19880319,20030303,20180303,20330295,20480307,20630293"
0xC1,0x00,0x55,"0x00,0x10,0x00,0xFF",0x2E,2,"819,3641"
0xC4,,0x55,,0x00,116,"100515,250522,550504,850519,1000507,1150499,1300521,1600499,1750492,1900491,2050507,2200514,2350492,2500507,2800481,3100484,3250491,3400476,3850483,4000584,4150484,4450484,4600468,4750484,5050489,5200473,5350453,5500453,5650515,5800454,5950453,6100466,6250476,6400446,6550445,6700446,6850453,7000435,7150453,7300452,7450450,7600436,7750433,8050438,8200428,8350429,8650436,8800422,8950427,9100422,9250428,9400418,9550413,9700413,9850421,10000415,10150407,10300407,10600404,10900400,11050412,11200397,11350413,11500392,11650422,11800413,11950392,12250399,12400380,12550379,12700380,12850392,13000380,13150372,13300372,13450380,13600372,13900400,14200361,14500357,14650372,14800356,14950357,15250364,15400349,15550349,15850357,16000341,16150341,16300341,16450349,16600334,16750334,16900468,17200341,17350334,17500333,17650364,17950341,18100364,18250380,18400361,18550438,18700357,18850372,19000334,19150334,19450341,19600303,19750303,19900303,20050310,20200295,20350295,20500295,20650303"
0xC4,,0x55,,0xFF,22,"400514,700504,1450515,2650499,2950483,3550476,3700476,4300468,4900458,7900433,8500426,10450421,10750400,12100391,13750364,14050380,14350380,15100349,15700349,17050341,17800357,19300333"
0xC4,0x00,0x55,,0x00,3,"1101,3909,5619"
0xCA,,0x55,"0xFC,0x7F",0xB8,138,"60527,210535,360515,510530,660537,810522,960515,1110605,1260550,1410522,1560514,1710496,1860529,2010514,2160519,2310512,2460504,2610489,2760489,2910484,3060497,3210484,3360484,3510476,3660492,3810476,3960473,4110469,4260520,4410468,4560466,4710469,4860473,5010469,5160458,5310469,5460484,5610484,5760453,5910458,6060461,6210453,6360453,6510443,6660453,6810473,6960469,7110438,7260453,7410438,7560438,7710436,7860443,8010436,8160429,8310426,8460435,8610429,8760429,8910421,9060436,9210426,9360422,9510413,9660428,9810418,9960413,10110412,10260422,10410411,10560407,10710407,10860413,11010407,11160399,11310397,11460434,11610413,11760415,11910400,12060408,12210392,12360384,12510380,12660397,12810392,12960376,13110372,13260391,13410377,13560369,13710369,13860380,14010469,14160389,14310384,14460399,14610385,14760376,14910377,15060364,15210356,15360354,15510349,15660364,15810349,15960346,16110341,16260357,16410347,16560338,16710333,16860349,17010338,17160341,17310334,17460357,17610341,17760341,17910347,18060364,18210348,18360346,18510372,18660357,18810342,18960339,19110342,19260346,19410338,19560310,19710303,19860316,20010308,20160303,20310301,20460311,20610300"
0xCA,0x00,0x55,"0xFC,0x7F",0xB8,1,3413
0xCF,,0x55,"0x0C,0xFE",0x25,137,"150512,300515,450522,600507,750512,900507,1050515,1200507,1350527,1500522,1650511,1800499,1950492,2100522,2250503,2400489,2550492,2700484,2850499,3000481,3150484,3300484,3450489,3600476,3750476,3900476,4050483,4200476,4350466,4500468,4650476,4800461,4950461,5100458,5250476,5400476,5550454,5700453,5850469,6000454,6150476,6300450,6450476,6600446,6750458,6900446,7050461,7200443,7350435,7500438,7650446,7800436,7950433,8100433,8250438,8400428,8550429,8700426,8850437,9000422,9150422,9300420,9450443,9600433,9750413,9900433,10050438,10200428,10350407,10500421,10650421,10800429,10950421,11100400,11250412,11400399,11550413,11700391,11850407,12000391,12150400,12300384,12450397,12600379,12750379,12900380,13050392,13200372,13350372,13500372,13650380,13800372,13950364,14100364,14250380,14400361,14550357,14700357,14850369,15000357,15150354,15300354,15450364,15600349,15750349,15900346,16050385,16200341,16350341,16500341,16650364,16800364,16950334,17100333,17250342,17400339,17550326,17700349,17850354,18000349,18150346,18300346,18450361,18600341,18750341,18900341,19050349,19200334,19350339,19500308,19650349,19800303,19950303,20100303,20250311,20400296,20550296"
0xCF,0x00,0x55,"0x0C,0xFE",0x25,3,"2035,4768,6508"
0xDD,,0x55,"0x00,0xFC",0x25,138,"10522,160519,310515,460522,610512,760507,910504,1060515,1210504,1360499,1510499,1660515,1810504,1960522,2110515,2260504,2410492,2560489,2710484,2860496,3010492,3160481,3310484,3460489,3610484,3760473,3910476,4060489,4210473,4360469,4510466,4660481,4810466,4960469,5110461,5260473,5410484,5560458,5710453,5860469,6010458,6160453,6310450,6460476,6610461,6760442,6910446,7060469,7210443,7360435,7510438,7660446,7810435,7960436,8110433,8260443,8410433,8560426,8710425,8860436,9010428,9160422,9310423,9460434,9610419,9760413,9910429,10060426,10210434,10360407,10510407,10660422,10810412,10960422,11110400,11260412,11410404,11560400,11710427,11860407,12010397,12160407,12310384,12460399,12610392,12760380,12910377,13060392,13210412,13360372,13510372,13660380,13810373,13960370,14110364,14260377,14410364,14560362,14710357,14860369,15010362,15160357,15310354,15460364,15610354,15760349,15910346,16060357,16210370,16360341,16510341,16660349,16810365,16960334,17110334,17260349,17410341,17560346,17710338,17860364,18010354,18160349,18310349,18460341,18610349,18760341,18910341,19060350,19210318,19360334,19510307,19660346,19810311,19960303,20110303,20260311,20410303,20560295"
0xDD,0x00,0x55,"0x00,0xFC",0x25,2,"2289,5057"
0xE9,,0x55,,0x00,96,"280522,430515,580507,730512,1030507,1180507,1330504,1480515,1630545,1780496,1930499,2080530,2380492,2830489,3280491,3430476,3580476,3730476,3880484,4330466,4480476,4630491,4780469,4930461,5080476,5680489,5830453,5980466,6130453,6280476,6430450,6730443,6880458,7180461,7480445,7630476,7780436,7930433,8380443,8530429,9130419,9280429,9580421,9730413,10030411,10480420,10630429,10780404,10930404,11080414,11230400,11380399,11680407,11980391,12130385,12430392,12580384,12880392,13030380,13180372,13330372,13480392,13780369,14080377,14530357,14680369,14830356,14980356,15280369,15430349,15580348,15730349,15880356,16030346,16330364,16480349,16630341,16930334,17230331,17530326,17680364,17830339,17980349,18130346,18280357,18730338,18880349,19030338,19180334,19330334,19480453,19630308,19780311,20080311,20380296,20530316"
0xE9,,0x55,,0xFF,41,"130515,880522,2230489,2530492,2680499,2980481,3130484,4030468,4180468,5230458,5380461,5530461,6580446,7030438,7330435,8080438,8230529,8680450,8830437,8980422,9430421,9880429,10180415,10330407,11530413,11830392,12280399,12730377,13630369,13930364,14230364,14380361,15130354,16180341,16780357,17080349,17380356,18430341,18580341,19930303,20230318"
0xE9,0x00,0x55,,0x00,3,"1691,4427,6161"
0xFF,0x00,0x55,,0x2E,1,5403
