Section,ID,Extended,RTR,Length,Data,Count,Timestamps
=== In capture_00_no_presses_no_lights_grouped but NOT in capture_06_passengers_vent_presses_every_3s_no_lights_grouped ===,,,,,,,
IN_A_NOT_B,290,0,0,4,"4,2,0,0,,,,1.179915",1,1.17893
IN_A_NOT_B,557,0,0,8,"103,0,0,0,0,0,0,0",7,"0.699044,5.6297,5.698669,9.628886,9.698551,12.088526,14.128577"
IN_A_NOT_B,557,0,0,8,"104,0,0,0,0,0,0,0",17,"1.699106,2.698674,3.698629,4.698935,6.089251,6.698643,7.698591,8.698602,10.129439,10.698668,11.698623,12.634659,12.698644,13.698566,14.632789,14.698727,15.698621"
IN_A_NOT_B,560,0,0,8,"3,54,54,8,0,0,0,0",28,"0.035884,0.535782,1.03569,1.535574,2.035476,2.535389,3.035291,3.535159,4.035066,4.534948,5.034848,5.534762,6.034633,6.534537,7.034437,7.534326,8.034222,8.534136,9.034014,9.533906,10.033829,10.533704,11.033611,11.533498,12.033392,12.533296,13.033184,13.533111"
IN_A_NOT_B,562,0,0,8,"255,64,0,255,0,0,0,0",79,"0.179642,0.379468,0.580158,0.780169,0.980392,1.379935,1.580258,1.780891,1.98013,2.17992,2.380256,2.580503,2.78095,2.980353,3.180356,3.380321,3.58044,3.780441,3.980314,4.18042,4.380344,4.581056,4.779451,4.979344,5.179329,5.379354,5.580956,5.779571,5.9804,6.17935,6.379322,6.580111,6.779748,6.979267,7.179237,7.379355,7.580153,7.779662,7.979235,8.179221,8.379261,8.579262,8.779248,8.979215,9.179221,9.379191,9.579238,9.779487,9.979186,10.179203,10.379211,10.579244,10.779929,10.979232,11.179243,11.37921,11.579225,11.779252,11.97918,12.179199,12.379169,12.579246,12.779455,12.979169,13.179189,13.379179,13.579169,13.779303,13.979259,14.179261,14.379203,14.579197,14.779216,14.9792,15.179192,15.379149,15.579181,15.779212,15.979217"
IN_A_NOT_B,594,0,0,8,"3,0,16,15,128,15,127,137",14,"1.349715,1.649665,3.149694,3.349709,3.850556,6.549834,6.949644,7.549717,8.050739,8.149857,9.251117,10.150388,11.55067,13.650471"
IN_A_NOT_B,594,0,0,8,"3,0,16,15,128,15,127,139",94,"0.049826,0.249696,0.349674,0.649711,0.749723,0.850023,0.949701,1.049769,1.749636,1.850053,1.949619,2.049703,2.249646,2.449646,2.549741,2.650863,2.749634,2.850296,3.44961,3.6497,4.049664,4.149585,4.44977,4.74958,4.850906,5.049919,5.250031,5.349595,5.450004,5.549678,5.74968,5.949643,6.050168,6.149647,6.250246,6.349764,6.450334,6.749597,6.851406,7.050444,7.251361,7.349636,7.451401,7.651416,7.850941,8.251683,8.45123,8.650898,8.750009,9.051852,9.350203,9.451079,9.750281,9.85108,10.249574,10.350447,10.651466,10.851101,10.950607,11.051512,11.150662,11.250544,11.450554,11.75057,11.851127,11.950541,12.050566,12.351123,12.550693,12.652765,12.750558,12.851143,12.950669,13.050677,13.250559,13.450467,13.851163,14.051403,14.1496,14.249541,14.349579,14.449626,14.549725,14.650791,14.851156,14.949572,15.049649,15.149574,15.249546,15.349573,15.549747,15.649615,15.74957,15.949579"
IN_A_NOT_B,594,0,0,8,"3,0,16,15,128,23,127,139",1,15.851177
IN_A_NOT_B,594,0,0,8,"3,0,16,15,128,7,127,137",8,"0.149756,2.949608,4.249708,5.150294,8.950072,9.550235,10.45044,10.550509"
IN_A_NOT_B,594,0,0,8,"3,0,16,15,128,7,127,139",43,"0.449656,0.549777,1.249785,1.450693,1.549769,2.149651,2.349611,3.049682,3.249709,3.549694,3.749603,3.94963,4.349602,4.549759,4.649826,4.949594,5.651052,5.8511,6.650431,7.149596,7.749753,7.949807,8.349912,8.549962,8.852844,9.150139,9.651138,9.95035,10.051295,10.750563,11.350636,11.650519,12.15057,12.250544,12.45051,13.150596,13.350542,13.550662,13.750529,13.949564,14.749598,15.449607,16.049573"
IN_A_NOT_B,729,0,0,8,"0,0,0,47,0,0,0,0",399,"0.025753,0.065762,0.105774,0.145778,0.185792,0.225802,0.265815,0.305825,0.345837,0.38586,0.426795,0.465869,0.505882,0.546771,0.585903,0.626027,0.665922,0.705929,0.745951,0.785949,0.826714,0.865975,0.905993,0.945993,0.986007,1.026694,1.186067,1.226652,1.266088,1.306101,1.346107,1.386173,1.426608,1.466142,1.506144,1.546572,1.58617,1.627158,1.666201,1.706203,1.746212,1.78623,1.826521,1.866243,1.906258,1.946276,1.986404,2.026463,2.066302,2.106313,2.146321,2.186334,2.226435,2.266356,2.306363,2.346371,2.386386,2.426401,2.466577,2.506422,2.546431,2.586439,2.626841,2.666461,2.70647,2.746484,2.786495,2.826506,2.866517,2.906533,2.946541,2.986553,3.026555,3.066566,3.107818,3.146598,3.186603,3.226616,3.266625,3.306634,3.346645,3.38666,3.426669,3.466687,3.506686,3.546705,3.58671,3.627088,3.666739,3.706739,3.746758,3.786762,3.826777,3.866787,3.906793,3.946804,3.986834,4.026829,4.066836,4.106848,4.146857,4.186877,4.226886,4.266892,4.306907,4.346918,4.386928,4.426936,4.466944,4.506964,4.546969,4.586977,4.627935,4.667,4.70701,4.747022,4.787034,4.827041,4.867051,4.907064,4.947075,4.98709,5.027106,5.067109,5.107121,5.148372,5.187145,5.227151,5.267164,5.30717,5.347182,5.387195,5.427208,5.467217,5.507231,5.547256,5.58793,5.628118,5.66727,5.707285,5.747289,5.787514,5.827312,5.867323,5.907527,5.947347,5.98736,6.027371,6.06739,6.107387,6.147401,6.187411,6.227418,6.267535,6.307443,6.347454,6.387465,6.427474,6.467486,6.507501,6.547507,6.587982,6.627853,6.66754,6.707554,6.747559,6.787571,6.827582,6.867593,6.907607,6.947614,6.98763,7.027641,7.067649,7.10766,7.147669,7.188914,7.227692,7.267703,7.307714,7.347727,7.387731,7.427746,7.467757,7.507762,7.547773,7.587999,7.628358,7.667812,7.707821,7.747833,7.787846,7.827857,7.867859,7.907876,7.947887,7.987904,8.027906,8.067912,8.107934,8.147945,8.187946,8.227957,8.267971,8.307986,8.347992,8.388002,8.42802,8.468021,8.508035,8.548046,8.588083,8.628804,8.668083,8.708088,8.748101,8.788111,8.828125,8.868136,8.908141,8.948151,8.988164,9.028178,9.068188,9.108199,9.148218,9.188225,9.229465,9.268247,9.308255,9.348267,9.38827,9.428288,9.468293,9.508303,9.548314,9.588322,9.629861,9.668359,9.708358,9.748372,9.788381,9.828395,9.868408,9.90841,9.948428,9.988435,10.028444,10.068453,10.108467,10.148479,10.1885,10.228503,10.268515,10.30852,10.348534,10.388547,10.428556,10.468567,10.509493,10.548588,10.588602,10.628907,10.668614,10.709568,10.748642,10.788657,10.828663,10.868676,10.909579,10.948697,10.9887,11.028716,11.069654,11.109592,11.148748,11.188759,11.228778,11.270023,11.309544,11.349674,11.388809,11.428828,11.468833,11.510156,11.549716,11.589565,11.629817,11.669564,11.709575,11.749619,11.788925,11.828936,11.868949,11.909502,11.949591,11.988972,12.028986,12.069555,12.109494,12.149611,12.189033,12.229042,12.269055,12.309505,12.350173,12.389082,12.429098,12.469104,12.50949,12.549741,12.589662,12.629435,12.669593,12.709548,12.749607,12.78919,12.829626,12.869212,12.909483,12.949713,12.989245,13.02926,13.069573,13.109465,13.149638,13.189299,13.229308,13.269328,13.310569,13.349584,13.389353,13.429364,13.469373,13.509474,13.5497,13.589567,13.62966,13.669687,13.709501,13.749572,13.789469,13.829478,13.869477,13.909492,13.950541,13.989515,14.029529,14.069548,14.109552,14.150578,14.189573,14.229575,14.269586,14.309612,14.350556,14.389624,14.430443,14.469639,14.509656,14.550699,14.590268,14.630341,14.670237,14.710439,14.750576,14.789735,14.830311,14.869758,14.909761,14.950546,14.989783,15.029797,15.069806,15.109818,15.150548,15.18984,15.230246,15.26986,15.309874,15.351139,15.389891,15.429906,15.469914,15.509927,15.550721,15.590172,15.630521,15.670289,15.710196,15.750543,15.79,15.83001,15.870029,15.910036,15.950556,15.990058,16.030067,16.070071"
IN_A_NOT_B,767,0,0,8,"0,144,0,0,255,255,255,255",160,"0.038791,0.139066,0.238713,0.339032,0.43868,0.539558,0.640376,0.738861,0.838752,0.939181,1.038867,1.238758,1.339626,1.438751,1.539515,1.638934,1.73936,1.838697,1.939564,2.038771,2.139508,2.238682,2.339566,2.438696,2.539491,2.640325,2.739406,2.838748,2.939747,3.038866,3.139503,3.238692,3.338689,3.438653,3.538791,3.639142,3.738653,3.838671,3.938684,4.038714,4.138714,4.238693,4.338645,4.438661,4.538807,4.640502,4.73867,4.838678,4.938637,5.038731,5.138692,5.238665,5.338685,5.438694,5.538763,5.63919,5.738721,5.838689,5.93873,6.038922,6.138902,6.238945,6.338821,6.438752,6.538908,6.643209,6.738703,6.83871,6.938729,7.038755,7.13871,7.238717,7.338698,7.439016,7.538832,7.639015,7.738725,7.838873,7.938691,8.038975,8.138739,8.238989,8.338716,8.439036,8.538798,8.643199,8.738711,8.839148,8.938688,9.039201,9.138662,9.239321,9.338803,9.439305,9.538874,9.639937,9.738649,9.839627,9.938679,10.039468,10.138671,10.239524,10.338676,10.43865,10.538841,10.645228,10.738716,10.839694,10.938642,11.038681,11.138622,11.23861,11.338629,11.43873,11.53869,11.638864,11.738592,11.83855,11.938581,12.038657,12.138559,12.238609,12.3386,12.438593,12.538798,12.640338,12.738697,12.838562,12.938638,13.038609,13.138605,13.238565,13.338585,13.438621,13.538678,13.638972,13.738601,13.83861,13.938535,14.038654,14.138602,14.23856,14.338592,14.438581,14.538647,14.645004,14.738554,14.838551,14.938591,15.038622,15.13856,15.238572,15.338599,15.438544,15.53869,15.639093,15.738619,15.83861,15.938741,16.038811"
IN_A_NOT_B,778,0,0,8,"132,128,0,98,252,15,0,103",4,"0.728767,1.72883,2.728882,3.728741"
IN_A_NOT_B,778,0,0,8,"132,128,0,99,252,15,0,103",13,"4.298593,4.728833,5.729161,6.72945,7.728809,8.728992,9.729274,10.729526,11.728596,12.728601,13.728614,14.728578,15.728691"
IN_A_NOT_B,782,0,0,8,"68,111,28,191,7,255,7,255",6,"0.575804,1.575568,2.575377,3.575178,4.574964,5.574742"
IN_A_NOT_B,782,0,0,8,"68,112,28,191,7,255,7,255",10,"6.574557,7.57432,8.574128,9.573911,10.573747,11.573481,12.573377,13.573089,14.573152,15.572654"
IN_A_NOT_B,802,0,0,8,"2,116,0,0,55,255,255,255",1,5.318592
IN_A_NOT_B,802,0,0,8,"2,131,0,0,55,255,255,255",1,1.518674
IN_A_NOT_B,802,0,0,8,"2,132,0,0,55,255,255,255",1,13.11948
IN_A_NOT_B,802,0,0,8,"2,133,0,0,55,255,255,255",1,5.218611
IN_A_NOT_B,802,0,0,8,"2,135,0,0,55,255,255,255",1,1.621247
IN_A_NOT_B,802,0,0,8,"2,137,0,0,55,255,255,255",1,7.918567
IN_A_NOT_B,802,0,0,8,"2,138,0,0,55,255,255,255",2,"2.818618,15.818571"
IN_A_NOT_B,802,0,0,8,"2,140,0,0,55,255,255,255",1,2.019497
IN_A_NOT_B,802,0,0,8,"2,141,0,0,55,255,255,255",3,"0.81906,8.018587,13.31849"
IN_A_NOT_B,802,0,0,8,"2,142,0,0,55,255,255,255",6,"1.81913,2.419585,2.621354,5.419141,11.818514,12.018569"
IN_A_NOT_B,802,0,0,8,"2,143,0,0,55,255,255,255",3,"1.219321,2.218705,3.018581"
IN_A_NOT_B,802,0,0,8,"2,144,0,0,55,255,255,255",5,"2.719605,4.818564,9.719542,9.918504,11.71949"
IN_A_NOT_B,802,0,0,8,"2,145,0,0,55,255,255,255",7,"1.019124,5.518701,5.618696,7.719565,13.518468,13.618575,13.719523"
IN_A_NOT_B,802,0,0,8,"2,146,0,0,55,255,255,255",9,"5.018582,7.118676,9.51855,11.418592,11.618532,11.918608,13.818501,15.218638,15.418617"
IN_A_NOT_B,802,0,0,8,"2,147,0,0,55,255,255,255",4,"8.119494,8.218569,8.719607,12.218482"
IN_A_NOT_B,802,0,0,8,"2,148,0,0,55,255,255,255",8,"1.418883,1.918643,2.118623,7.818546,8.81864,11.51854,13.018538,15.719582"
IN_A_NOT_B,802,0,0,8,"2,149,0,0,55,255,255,255",7,"1.719642,3.518591,4.418602,7.418589,10.418536,12.418549,12.719571"
IN_A_NOT_B,802,0,0,8,"2,150,0,0,55,255,255,255",13,"2.31869,3.218589,3.418654,5.118583,5.719581,7.018616,8.418556,9.118944,11.318511,13.218515,15.118537,15.318584,15.918582"
IN_A_NOT_B,802,0,0,8,"2,151,0,0,55,255,255,255",4,"2.518623,8.918626,14.818515,15.518445"
IN_A_NOT_B,802,0,0,8,"2,152,0,0,55,255,255,255",4,"4.518573,9.618521,12.518507,13.418541"
IN_A_NOT_B,802,0,0,8,"2,153,0,0,55,255,255,255",4,"3.119433,4.618643,9.218516,12.818499"
IN_A_NOT_B,802,0,0,8,"2,154,0,0,55,255,255,255",12,"0.719744,1.31869,8.318546,8.618558,9.018553,9.818517,10.018573,12.318496,12.618584,14.018514,14.918526,16.018572"
IN_A_NOT_B,802,0,0,8,"2,155,0,0,55,255,255,255",8,"0.419285,3.318588,7.518557,10.518546,11.119473,11.218538,12.119478,12.918518"
IN_A_NOT_B,802,0,0,8,"2,156,0,0,55,255,255,255",6,"2.918619,4.318615,7.218566,9.31851,10.918571,14.518499"
IN_A_NOT_B,802,0,0,8,"2,157,0,0,55,255,255,255",7,"0.621408,4.118638,4.918934,7.318553,7.61858,8.518587,15.018478"
IN_A_NOT_B,802,0,0,8,"2,158,0,0,55,255,255,255",4,"0.918738,4.218568,6.818566,6.918568"
IN_A_NOT_B,802,0,0,8,"2,159,0,0,55,255,255,255",3,"4.018607,6.61858,13.918497"
IN_A_NOT_B,802,0,0,8,"2,160,0,0,55,255,255,255",8,"0.21902,0.518706,3.618624,3.719635,6.119481,6.418667,10.119025,11.018547"
IN_A_NOT_B,802,0,0,8,"2,161,0,0,55,255,255,255",6,"0.318673,6.218685,10.618657,10.719566,14.119474,15.618473"
IN_A_NOT_B,802,0,0,8,"2,162,0,0,55,255,255,255",4,"0.118727,3.818594,5.818632,9.418571"
IN_A_NOT_B,802,0,0,8,"2,163,0,0,55,255,255,255",1,14.618542
IN_A_NOT_B,802,0,0,8,"2,164,0,0,55,255,255,255",4,"4.719601,5.918653,6.719604,14.719508"
IN_A_NOT_B,802,0,0,8,"2,165,0,0,55,255,255,255",2,"3.918575,10.218493"
IN_A_NOT_B,802,0,0,8,"2,167,0,0,55,255,255,255",4,"6.518609,10.818563,14.218496,14.418501"
IN_A_NOT_B,802,0,0,8,"2,168,0,0,55,255,255,255",1,6.318633
IN_A_NOT_B,802,0,0,8,"2,169,0,0,55,255,255,255",2,"0.018951,6.018676"
IN_A_NOT_B,802,0,0,8,"2,170,0,0,55,255,255,255",1,10.31852
IN_A_NOT_B,802,0,0,8,"2,171,0,0,55,255,255,255",1,14.318537
IN_A_NOT_B,808,0,0,8,"0,0,0,0,0,0,0,0",1,2.668172
IN_A_NOT_B,808,0,0,8,"0,67,0,0,0,0,0,0",1,2.644194
IN_A_NOT_B,813,0,0,8,"2,29,2,29,1,167,89,0",16,"0.600401,1.60046,2.601324,3.600331,4.600342,5.600585,6.601199,7.601127,8.601244,9.601251,10.601279,11.601271,12.60134,13.600269,14.601355,15.600313"
IN_A_NOT_B,818,0,0,8,"0,80,216,80,60,9,255,25",9,"0.128806,0.634604,1.630277,2.12882,2.634552,3.129391,3.630206,4.129171,4.632765"
IN_A_NOT_B,818,0,0,8,"0,80,216,80,61,9,255,25",22,"5.128927,5.631228,6.129223,6.632675,7.12948,7.630489,8.128889,8.634572,9.129092,9.631389,10.131286,10.633687,11.129624,11.62884,12.12858,12.636572,13.128606,13.628686,14.129509,14.634686,15.128567,15.632046"
IN_A_NOT_B,826,0,0,8,"21,134,100,127,127,127,127,127",7,"0.56679,1.565697,2.565458,3.565251,4.565062,5.564862,6.564616"
IN_A_NOT_B,826,0,0,8,"21,154,100,127,127,127,127,127",6,"7.564434,8.564203,9.563992,10.563747,13.563252,14.563689"
IN_A_NOT_B,826,0,0,8,"21,174,100,127,127,127,127,127",3,"11.563586,12.563377,15.562826"
IN_A_NOT_B,827,0,0,8,"41,255,3,150,0,0,0,0",67,"0.226765,0.425817,0.92572,1.225678,1.525594,1.825543,2.225448,2.425399,2.725358,3.025284,3.525179,3.825114,4.025068,4.325014,4.824912,5.324799,5.824705,6.12465,6.424572,6.724503,6.924475,7.124427,7.424379,7.824298,7.924259,8.424154,8.924065,9.12403,9.423946,9.624302,9.723888,10.023823,10.423759,10.923635,11.123582,11.223578,11.423572,11.624316,11.723466,12.023401,12.423356,12.7233,13.12323,13.223156,13.625315,13.723083,13.823068,13.923023,14.22296,14.322966,14.422904,14.522902,14.624293,14.722884,14.822908,14.922798,15.022819,15.122806,15.222904,15.32275,15.423631,15.522679,15.622803,15.722714,15.82334,15.922655,16.023235"
IN_A_NOT_B,827,0,0,8,"42,255,3,150,0,0,0,0",71,"0.126733,0.629436,0.825736,1.325642,1.425634,1.626184,1.725552,2.025485,2.629991,2.825313,2.925319,3.225238,3.325235,3.425198,3.725126,4.225047,4.425002,4.524966,4.72492,4.924887,5.024885,5.124839,5.224825,5.524764,5.724715,6.024677,6.224612,6.324614,6.626879,6.824493,7.024439,7.324376,7.624363,7.7243,8.024257,8.124228,8.324179,8.524137,8.624311,8.724095,8.824068,9.024032,9.323989,9.523934,9.823861,9.923845,10.1238,10.224662,10.323786,10.523715,10.62441,10.723669,10.823674,11.023601,11.323574,11.523506,11.82345,11.923442,12.123384,12.223379,12.323342,12.523316,12.624333,12.823248,12.923222,13.023196,13.323166,13.423126,13.523136,14.023023,14.122962"
IN_A_NOT_B,827,0,0,8,"43,255,3,150,0,0,0,0",22,"0.026735,0.326435,0.525826,0.725775,1.025715,1.92553,2.125491,2.325446,2.525403,3.125295,3.62525,3.925117,4.125116,4.626961,5.424801,5.625302,5.924723,6.524594,7.224427,7.524368,8.224229,9.22401"
IN_A_NOT_B,828,0,0,8,"0,112,1,241,0,0,0,0",4,"12.883298,13.543173,14.812901,15.2108"
IN_A_NOT_B,828,0,0,8,"0,113,1,244,0,0,0,0",21,"11.461767,12.683385,12.983272,13.043262,13.360755,13.460695,13.661477,14.010454,14.112981,14.413968,14.660502,14.893275,14.960379,15.042813,15.160338,15.310855,15.332782,15.432744,15.693047,15.872659,15.993254"
IN_A_NOT_B,828,0,0,8,"0,113,1,245,0,0,0,0",8,"12.96073,13.160715,13.243192,14.233007,14.272976,14.542892,15.772697,15.912938"
IN_A_NOT_B,828,0,0,8,"0,113,1,246,0,0,0,0",1,11.273613
IN_A_NOT_B,828,0,0,8,"0,113,1,247,0,0,0,0",15,"11.073645,12.473349,12.561257,12.611418,13.011151,13.733099,13.793101,14.073041,14.312936,14.360547,15.010744,15.372759,15.413559,15.633022,15.860238"
IN_A_NOT_B,828,0,0,8,"0,113,1,248,0,0,0,0",10,"13.333199,13.633203,14.043034,14.293047,14.610537,14.932853,14.972873,15.112825,15.360536,15.892898"
IN_A_NOT_B,828,0,0,8,"0,113,1,249,0,0,0,0",1,14.17303
IN_A_NOT_B,828,0,0,8,"0,113,1,250,0,0,0,0",25,"11.473545,11.561283,12.661548,12.733265,12.910457,13.133189,13.211228,13.283149,13.433155,13.493387,13.58309,13.860647,14.133025,14.432945,14.712846,14.872859,14.912808,15.132805,15.1728,15.23274,15.482755,15.583645,15.732643,15.960131,16.042571"
IN_A_NOT_B,828,0,0,8,"0,113,1,251,0,0,0,0",10,"12.710526,13.183236,13.263335,13.833034,14.583062,14.832816,15.460268,15.543224,15.932655,16.012631"
IN_A_NOT_B,828,0,0,8,"0,113,1,252,0,0,0,0",1,14.333751
IN_A_NOT_B,828,0,0,8,"0,113,1,253,0,0,0,0",5,"13.41379,14.093768,14.393006,15.660556,15.832617"
IN_A_NOT_B,828,0,0,8,"0,113,1,254,0,0,0,0",8,"12.43337,12.633677,13.110451,13.473168,13.813048,14.372994,15.7127,15.81031"
IN_A_NOT_B,828,0,0,8,"0,114,1,244,0,0,0,0",2,"10.634661,10.673748"
IN_A_NOT_B,828,0,0,8,"0,114,1,245,0,0,0,0",1,10.583762
IN_A_NOT_B,828,0,0,8,"0,114,1,250,0,0,0,0",1,10.693993
IN_A_NOT_B,828,0,0,8,"0,114,2,0,0,0,0,0",6,"11.433579,12.933268,13.773119,14.693015,15.093722,15.392811"
IN_A_NOT_B,828,0,0,8,"0,114,2,1,0,0,0,0",8,"11.410696,12.460901,12.583348,13.61034,13.713109,13.983045,14.260524,14.633762"
IN_A_NOT_B,828,0,0,8,"0,115,1,246,0,0,0,0",12,"0.563311,1.563121,2.562946,3.562691,4.245083,4.562485,5.562301,6.562299,7.561865,8.561913,9.561441,10.561318"
IN_A_NOT_B,828,0,0,8,"0,115,1,247,0,0,0,0",2,"4.135076,10.611458"
IN_A_NOT_B,828,0,0,8,"0,115,1,253,0,0,0,0",1,10.661575
IN_A_NOT_B,828,0,0,8,"0,116,2,1,0,0,0,0",2,"4.095178,4.115111"
IN_A_NOT_B,848,0,0,8,"20,39,12,7,233,11,13,1",1,0.631737
IN_A_NOT_B,848,0,0,8,"21,39,12,7,233,11,13,1",1,1.631982
IN_A_NOT_B,848,0,0,8,"22,39,12,7,233,11,13,1",1,2.631688
IN_A_NOT_B,848,0,0,8,"23,39,12,7,233,11,13,1",1,3.631906
IN_A_NOT_B,848,0,0,8,"24,39,12,7,233,11,13,1",1,4.6337
IN_A_NOT_B,848,0,0,8,"25,39,12,7,233,11,13,1",1,5.632948
IN_A_NOT_B,848,0,0,8,"26,39,12,7,233,11,13,1",1,6.633602
IN_A_NOT_B,848,0,0,8,"27,39,12,7,233,11,13,1",1,7.632193
IN_A_NOT_B,848,0,0,8,"28,39,12,7,233,11,13,1",1,8.631716
IN_A_NOT_B,848,0,0,8,"29,39,12,7,233,11,13,1",1,9.633083
IN_A_NOT_B,848,0,0,8,"30,39,12,7,233,11,13,1",1,10.632768
IN_A_NOT_B,848,0,0,8,"31,39,12,7,233,11,13,1",1,11.632135
IN_A_NOT_B,848,0,0,8,"32,39,12,7,233,11,13,1",1,12.631749
IN_A_NOT_B,848,0,0,8,"33,39,12,7,233,11,13,1",1,13.631963
IN_A_NOT_B,848,0,0,8,"34,39,12,7,233,11,13,1",1,14.636387
IN_A_NOT_B,848,0,0,8,"35,39,12,7,233,11,13,1",1,15.633958
IN_A_NOT_B,876,0,0,8,"204,28,47,93,5,139,120,75",11,"0.635515,1.633997,2.635463,3.634264,4.636563,5.635252,6.636466,7.634098,8.635483,9.634995,10.636565"
IN_A_NOT_B,876,0,0,8,"249,28,47,93,5,139,120,75",5,"11.634114,12.637491,13.635973,14.639258,15.636101"
IN_A_NOT_B,908,0,0,8,"233,7,11,13,17,39,0,19",1,0.639375
IN_A_NOT_B,908,0,0,8,"233,7,11,13,17,39,0,21",2,"1.636055,2.639324"
IN_A_NOT_B,908,0,0,8,"233,7,11,13,17,39,0,23",2,"3.636263,4.64143"
IN_A_NOT_B,908,0,0,8,"233,7,11,13,17,39,0,25",2,"5.637196,6.639364"
IN_A_NOT_B,908,0,0,8,"233,7,11,13,17,39,0,27",2,"7.636136,8.639355"
IN_A_NOT_B,908,0,0,8,"233,7,11,13,17,39,0,29",2,"9.63706,10.640421"
IN_A_NOT_B,908,0,0,8,"233,7,11,13,17,39,0,31",2,"11.63612,12.643264"
IN_A_NOT_B,908,0,0,8,"233,7,11,13,17,39,0,33",2,"13.637971,14.642156"
IN_A_NOT_B,908,0,0,8,"233,7,11,13,17,39,0,35",1,15.638096
,,,,,,,
=== In capture_06_passengers_vent_presses_every_3s_no_lights_grouped but NOT in capture_00_no_presses_no_lights_grouped ===,,,,,,,
IN_B_NOT_A,557,0,0,8,"112,0,0,0,0,0,0,0",3,"1.545105,1.715057,4.00498"
IN_B_NOT_A,557,0,0,8,"113,0,0,0,0,0,0,0",15,"0.715642,2.005005,2.715023,3.715035,4.545128,4.714927,5.714918,6.714912,7.714925,8.714966,9.714953,10.714888,11.714948,12.715,13.714966"
IN_B_NOT_A,562,0,0,8,"255,70,0,255,0,0,0,0",70,"0.196659,0.395664,0.595785,0.795642,0.995644,1.19565,1.39564,1.59573,1.795639,1.995638,2.195624,2.395718,2.595854,2.795638,2.995658,3.195696,3.395692,3.595864,3.795802,3.995758,4.1957,4.395662,4.595782,4.795681,4.995674,5.195648,5.395737,5.59586,5.795744,5.995689,6.195679,6.395668,6.595789,6.795658,6.995644,7.195687,7.395694,7.595787,7.795703,7.995746,8.195658,8.395663,8.595776,8.795687,8.995683,9.195612,9.395539,9.595674,9.795564,9.995555,10.195563,10.395601,10.595654,10.795573,10.995568,11.195557,11.395571,11.595663,11.795554,11.995589,12.195645,12.395526,12.59567,12.795571,12.995561,13.19564,13.395596,13.595743,13.795518,13.995514"
IN_B_NOT_A,594,0,0,8,"3,0,16,13,128,15,127,137",12,"0.067088,2.566057,2.966025,5.166,5.86601,6.166004,6.566001,7.866067,10.465943,11.066002,12.065942,13.666076"
IN_B_NOT_A,594,0,0,8,"3,0,16,13,128,15,127,139",84,"0.267037,0.467102,0.567009,0.667136,0.766939,0.966935,1.166004,1.267034,1.367081,1.866044,1.966034,2.166013,2.266069,2.667978,3.066143,3.366072,3.466121,3.566158,3.666234,3.766123,3.966063,4.165996,4.365996,4.766079,4.86609,4.965997,5.366,5.466015,5.666002,5.765997,5.966011,6.066041,6.265992,6.466002,6.667102,6.765983,6.865955,6.96601,7.065987,7.165951,7.265983,7.565967,7.665969,7.765947,8.066092,8.165968,8.265973,8.365986,8.46603,8.566081,8.667908,8.766039,8.866008,8.965969,9.065958,9.165939,9.465942,9.56599,9.665966,9.965934,10.065957,10.165924,10.365933,10.565955,10.76592,11.166036,11.266007,11.365915,11.565947,11.665949,11.765948,12.365916,12.465934,12.565953,12.667,12.765951,12.865932,12.965964,13.166042,13.366141,13.46607,13.566112,13.866004,14.065964"
IN_B_NOT_A,594,0,0,8,"3,0,16,13,128,23,127,137",1,1.567144
IN_B_NOT_A,594,0,0,8,"3,0,16,13,128,23,127,139",2,"7.966063,10.865917"
IN_B_NOT_A,594,0,0,8,"3,0,16,13,128,7,127,137",6,"0.166974,1.667153,2.066083,5.066036,10.265921,13.266034"
IN_B_NOT_A,594,0,0,8,"3,0,16,13,128,7,127,139",36,"0.366988,0.867024,1.067087,1.467179,1.766026,2.36601,2.466038,2.766034,2.866048,3.166061,3.266105,3.866116,4.066043,4.266011,4.466018,4.566165,4.668349,5.266006,5.566012,6.365998,7.365973,7.465976,9.26592,9.36595,9.765944,9.865968,10.666222,10.965946,11.465972,11.865929,11.965988,12.165943,12.265918,13.065988,13.766041,13.966014"
IN_B_NOT_A,706,0,0,4,"19,136,145,0,,,,",2,"4.584677,12.784876"
IN_B_NOT_A,729,0,0,8,"0,0,0,108,0,0,0,0",353,"0.026455,0.066146,0.106022,0.146035,0.185775,0.226128,0.266091,0.305985,0.345741,0.385793,0.426232,0.466157,0.506055,0.545747,0.585878,0.626154,0.666189,0.706004,0.746135,0.785836,0.826143,0.866071,0.905964,0.945858,0.98587,1.026233,1.066134,1.106028,1.14603,1.18592,1.227257,1.266089,1.305974,1.345967,1.385979,1.426163,1.46623,1.506013,1.546113,1.586757,1.626248,1.666204,1.706995,1.746076,1.786082,1.826262,1.867045,1.906122,1.947235,1.986135,2.026508,2.067079,2.106968,2.146184,2.186204,2.226513,2.267069,2.306221,2.346235,2.386249,2.426526,2.467039,2.50628,2.546291,2.586762,2.627105,2.667032,2.706939,2.746989,2.786359,2.827038,2.867049,2.906394,2.946522,2.986416,3.02642,3.067143,3.106975,3.146454,3.186467,3.226486,3.267745,3.306502,3.346514,3.386699,3.427121,3.467122,3.506555,3.546559,3.586861,3.626583,3.667234,3.706915,3.746631,3.786626,3.826892,3.867113,3.906659,3.946675,3.986688,4.026691,4.067044,4.106972,4.146729,4.18674,4.226754,4.267012,4.306817,4.346786,4.386793,4.426805,4.467018,4.506829,4.546841,4.587619,4.627076,4.667396,4.706877,4.747017,4.786909,4.827054,4.867157,4.90693,4.946944,4.986957,5.02697,5.067045,5.107458,5.147006,5.187009,5.227134,5.267054,5.308285,5.347055,5.387066,5.427078,5.467086,5.507095,5.547109,5.58712,5.62713,5.667995,5.707149,5.747158,5.787173,5.827181,5.867195,5.907202,5.947213,5.987225,6.027239,6.067251,6.107545,6.147271,6.187282,6.227294,6.267306,6.30731,6.34733,6.387336,6.42735,6.46736,6.507371,6.547381,6.587608,6.628094,6.668102,6.707419,6.747439,6.787442,6.827465,6.867467,6.907474,6.947486,6.987498,7.02751,7.067522,7.107535,7.147545,7.187549,7.227566,7.267572,7.307585,7.348839,7.387608,7.427622,7.467633,7.507644,7.547648,7.58766,7.627673,7.667962,7.707691,7.747711,7.787722,7.827736,7.867748,7.907748,7.94776,7.987776,8.027785,8.067796,8.107805,8.14782,8.187831,8.227843,8.26785,8.307856,8.347868,8.38789,8.427895,8.468012,8.507911,8.547925,8.587939,8.628047,8.668908,8.70797,8.747978,8.787992,8.827998,8.868007,8.908033,8.948036,8.988047,9.028065,9.068071,9.108074,9.148086,9.188096,9.228556,9.26812,9.308136,9.348145,9.389547,9.428178,9.468177,9.508186,9.548199,9.58821,9.628223,9.66823,9.708241,9.748259,9.788262,9.828275,9.86829,9.908297,9.948312,9.988316,10.028331,10.068333,10.108347,10.14836,10.188371,10.228383,10.26839,10.308404,10.348416,10.388422,10.428436,10.468448,10.508455,10.548472,10.588481,10.628904,10.669184,10.708512,10.748524,10.788534,10.828544,10.868555,10.908569,10.948573,10.988585,11.028599,11.06861,11.10862,11.14863,11.188646,11.228655,11.26867,11.308671,11.348683,11.388694,11.42993,11.468725,11.508732,11.548741,11.588754,11.628764,11.668777,11.708786,11.748797,11.788808,11.828823,11.868827,11.908836,11.94885,11.988876,12.028872,12.068884,12.108889,12.148901,12.188919,12.228923,12.268944,12.308945,12.348961,12.388967,12.42898,12.468994,12.509007,12.54901,12.589023,12.629822,12.669947,12.709055,12.749072,12.789076,12.829085,12.869098,12.909111,12.949126,12.989127,13.02915,13.069154,13.109167,13.14918,13.189273,13.229197,13.269207,13.309219,13.349231,13.389243,13.429257,13.470492,13.509272,13.54929,13.589293,13.629668,13.669315,13.709325,13.749336,13.789351,13.829361,13.869369,13.909381,13.949392,13.990303,14.029415,14.069435,14.109442"
IN_B_NOT_A,736,0,0,8,"64,192,0,255,89,93,97,94",21,"0.705003,1.304966,1.90496,2.505009,2.705106,3.904987,4.105972,4.904939,5.105922,5.304947,6.304935,6.504936,7.504907,7.70494,8.304974,8.705082,10.904921,11.504929,12.904943,13.504967,14.105865"
IN_B_NOT_A,736,0,0,8,"64,192,0,255,89,93,98,94",5,"0.505055,4.304946,8.105929,9.704975,13.304989"
IN_B_NOT_A,736,0,0,8,"64,192,0,255,89,94,98,94",11,"1.106963,4.505309,4.705006,7.304923,9.106085,9.504954,10.105949,10.505007,11.904976,12.304922,12.505013"
IN_B_NOT_A,767,0,0,8,"0,142,0,0,255,255,255,255",141,"0.055058,0.155041,0.255053,0.355068,0.455141,0.555154,0.664231,0.755037,0.855577,0.955129,1.055137,1.155117,1.255141,1.355066,1.455096,1.555097,1.655191,1.755027,1.855039,1.9551,2.055009,2.155051,2.255006,2.354998,2.455111,2.555092,2.659683,2.755066,2.855025,2.955434,3.055049,3.155054,3.255059,3.355111,3.455139,3.555152,3.656132,3.7551,3.855068,3.955204,4.054973,4.154983,4.254965,4.355111,4.455114,4.555174,4.660062,4.754961,4.854941,4.955041,5.054935,5.154962,5.254921,5.354991,5.455919,5.554978,5.655086,5.754976,5.854915,5.955031,6.05592,6.154989,6.254947,6.354984,6.455689,6.555003,6.66035,6.754942,6.854925,6.955637,7.054917,7.15498,7.254942,7.35494,7.455467,7.555106,7.655155,7.755043,7.854956,7.955088,8.054983,8.15504,8.254996,8.355021,8.455234,8.555387,8.659262,8.755076,8.85501,8.955122,9.055023,9.154992,9.254981,9.355009,9.455095,9.555031,9.655978,9.754983,9.854977,9.955023,10.054968,10.154984,10.255017,10.35504,10.455294,10.555052,10.662215,10.755067,10.855096,10.955078,11.054977,11.15501,11.254981,11.354987,11.455023,11.555027,11.655141,11.755055,11.854973,11.955009,12.054993,12.154974,12.254976,12.355013,12.454977,12.555045,12.660256,12.754998,12.854997,12.955027,13.055003,13.154957,13.254978,13.354988,13.45498,13.555033,13.656478,13.754876,13.854908,13.954967,14.054956"
IN_B_NOT_A,770,0,0,8,"0,2,0,16,8,0,0,0",4,"3.051634,5.871634,8.831573,11.451674"
IN_B_NOT_A,778,0,0,8,"132,128,0,128,252,15,0,103",3,"0.745134,3.425195,3.745182"
IN_B_NOT_A,778,0,0,8,"132,128,0,129,252,15,0,103",14,"1.526915,1.745021,2.745019,4.035003,4.745047,5.745029,6.745002,7.745013,8.744994,9.744913,10.7449,11.744944,12.744873,13.745003"
IN_B_NOT_A,782,0,0,8,"68,108,28,9,7,255,7,255",14,"0.486625,1.485841,2.485652,3.485381,4.485164,5.484923,6.484691,7.484469,8.484235,9.484027,10.483782,11.483547,12.48332,13.483089"
IN_B_NOT_A,798,0,0,6,"0,68,0,192,0,0,,",7,"8.871749,8.891796,9.381454,9.881116,10.380784,10.880658,11.380065"
IN_B_NOT_A,798,0,0,6,"0,72,0,192,0,0,,",6,"5.913791,6.383475,6.88314,7.382806,7.882421,8.382128"
IN_B_NOT_A,798,0,0,6,"0,76,0,192,0,0,,",7,"3.116692,3.385699,3.885175,4.384792,4.884503,5.384168,5.883832"
IN_B_NOT_A,802,0,0,8,"2,52,0,0,55,255,255,255",1,13.834975
IN_B_NOT_A,802,0,0,8,"2,55,0,0,55,255,255,255",1,10.735982
IN_B_NOT_A,802,0,0,8,"2,57,0,0,55,255,255,255",1,0.535205
IN_B_NOT_A,802,0,0,8,"2,62,0,0,55,255,255,255",3,"5.835871,10.335136,10.63503"
IN_B_NOT_A,802,0,0,8,"2,63,0,0,55,255,255,255",3,"0.635247,3.235157,5.235754"
IN_B_NOT_A,802,0,0,8,"2,64,0,0,55,255,255,255",2,"10.935025,11.335025"
IN_B_NOT_A,802,0,0,8,"2,65,0,0,55,255,255,255",5,"0.737946,2.335102,4.635027,11.53512,13.335161"
IN_B_NOT_A,802,0,0,8,"2,66,0,0,55,255,255,255",3,"10.535152,11.235025,13.736021"
IN_B_NOT_A,802,0,0,8,"2,67,0,0,55,255,255,255",1,11.134976
IN_B_NOT_A,802,0,0,8,"2,68,0,0,55,255,255,255",5,"2.535093,5.034976,11.434984,13.535139,13.635064"
IN_B_NOT_A,802,0,0,8,"2,69,0,0,55,255,255,255",9,"0.435223,4.334968,4.834952,4.934952,6.835616,9.135088,10.434961,11.634978,11.93497"
IN_B_NOT_A,802,0,0,8,"2,70,0,0,55,255,255,255",10,"0.33511,1.935094,2.737084,3.135152,4.234976,6.635652,8.535254,8.736198,9.335025,14.034942"
IN_B_NOT_A,802,0,0,8,"2,71,0,0,55,255,255,255",7,"1.135106,6.435702,8.935169,9.035113,13.23506,13.435129,13.934975"
IN_B_NOT_A,802,0,0,8,"2,72,0,0,55,255,255,255",6,"5.434984,5.736881,5.935844,7.736438,12.635,12.835052"
IN_B_NOT_A,802,0,0,8,"2,73,0,0,55,255,255,255",11,"0.935106,1.335086,2.135116,2.435068,3.53514,4.134988,6.535692,8.635196,9.535175,9.934968,11.034972"
IN_B_NOT_A,802,0,0,8,"2,74,0,0,55,255,255,255",13,"1.235052,2.935127,3.335145,3.935059,5.334947,6.135756,6.93562,7.435491,8.035335,8.235503,8.335271,10.135056,13.135006"
IN_B_NOT_A,802,0,0,8,"2,75,0,0,55,255,255,255",4,"1.535076,2.835099,5.535899,9.735971"
IN_B_NOT_A,802,0,0,8,"2,76,0,0,55,255,255,255",16,"0.035878,0.135118,1.435135,1.737062,2.0351,2.635137,3.435145,3.635174,4.434972,6.235322,7.035559,7.835381,11.736031,12.234976,12.935027,13.035006"
IN_B_NOT_A,802,0,0,8,"2,77,0,0,55,255,255,255",5,"7.135553,7.235889,7.935344,9.435013,10.835007"
IN_B_NOT_A,802,0,0,8,"2,78,0,0,55,255,255,255",6,"4.736935,6.035788,7.335487,7.63543,9.235093,12.034962"
IN_B_NOT_A,802,0,0,8,"2,79,0,0,55,255,255,255",6,"1.835093,3.737167,4.534963,7.53549,8.83515,9.634979"
IN_B_NOT_A,802,0,0,8,"2,80,0,0,55,255,255,255",5,"4.036966,5.635927,8.13537,8.435259,10.035003"
IN_B_NOT_A,802,0,0,8,"2,81,0,0,55,255,255,255",6,"0.235113,3.035121,5.134943,9.835001,12.335017,12.434964"
IN_B_NOT_A,802,0,0,8,"2,82,0,0,55,255,255,255",4,"0.835096,1.035097,6.736657,12.535116"
IN_B_NOT_A,802,0,0,8,"2,83,0,0,55,255,255,255",2,"6.335738,10.235076"
IN_B_NOT_A,802,0,0,8,"2,84,0,0,55,255,255,255",2,"1.635144,2.235097"
IN_B_NOT_A,802,0,0,8,"2,85,0,0,55,255,255,255",1,11.835052
IN_B_NOT_A,802,0,0,8,"2,86,0,0,55,255,255,255",2,"12.134993,12.736001"
IN_B_NOT_A,802,0,0,8,"2,87,0,0,55,255,255,255",1,3.835205
IN_B_NOT_A,813,0,0,8,"2,41,2,41,1,171,85,0",11,"0.616745,1.616698,2.616659,3.616689,4.616608,5.616538,6.616635,7.616545,8.616654,9.61663,10.616561"
IN_B_NOT_A,813,0,0,8,"2,42,2,42,1,171,85,0",3,"11.616533,12.61656,13.616644"
IN_B_NOT_A,818,0,0,8,"0,80,216,80,109,9,255,25",28,"0.145034,0.645421,1.145034,1.645528,2.145034,2.645294,3.145119,3.645421,4.14521,4.645676,5.14507,5.645426,6.145075,6.645404,7.145162,7.645502,8.145057,8.645243,9.144952,9.645314,10.144937,10.645381,11.144942,11.645392,12.144918,12.645301,13.144915,13.645258"
IN_B_NOT_A,826,0,0,8,"24,56,69,127,127,127,127,127",2,"12.473459,13.473229"
IN_B_NOT_A,826,0,0,8,"24,56,70,127,127,127,127,127",2,"10.473884,11.473655"
IN_B_NOT_A,826,0,0,8,"24,56,71,127,127,127,127,127",2,"8.474396,9.47415"
IN_B_NOT_A,826,0,0,8,"24,56,72,127,127,127,127,127",2,"6.474824,7.4746"
IN_B_NOT_A,826,0,0,8,"24,56,73,127,127,127,127,127",1,5.475973
IN_B_NOT_A,826,0,0,8,"24,56,74,127,127,127,127,127",4,"1.475994,2.476101,3.476081,4.475959"
IN_B_NOT_A,826,0,0,8,"24,56,75,127,127,127,127,127",1,0.476266
IN_B_NOT_A,827,0,0,8,"42,255,2,158,0,0,0,0",9,"12.933236,13.133235,13.233171,13.333154,13.433153,13.633083,13.833039,13.933017,14.033029"
IN_B_NOT_A,827,0,0,8,"42,255,2,160,0,0,0,0",4,"12.133422,12.333384,12.534147,12.733299"
IN_B_NOT_A,827,0,0,8,"42,255,2,168,0,0,0,0",18,"9.833976,9.933937,10.033904,10.133903,10.233852,10.333896,10.433851,10.534191,10.633774,10.733768,10.833739,10.933697,11.033691,11.133649,11.333646,11.534135,11.73357,11.93349"
IN_B_NOT_A,827,0,0,8,"42,255,2,174,0,0,0,0",11,"8.034377,8.33431,8.434266,8.634235,8.834173,9.034144,9.234132,9.334056,9.434055,9.63399,9.73397"
IN_B_NOT_A,827,0,0,8,"42,255,2,188,0,0,0,0",18,"5.035945,5.236723,5.43595,5.734895,5.934868,6.236292,6.334774,6.434736,6.534735,6.634686,6.934659,7.03459,7.134596,7.234928,7.43453,7.634469,7.734453,7.834412"
IN_B_NOT_A,827,0,0,8,"42,255,2,199,0,0,0,0",18,"0.936068,1.336043,1.636106,1.836054,2.236059,2.33606,2.436028,2.536054,2.736116,2.936085,3.236119,3.436103,3.736191,3.936016,4.235938,4.435934,4.535921,4.735978"
IN_B_NOT_A,827,0,0,8,"42,255,2,207,0,0,0,0",2,"0.236906,0.636212"
IN_B_NOT_A,827,0,0,8,"43,255,2,158,0,0,0,0",3,"13.033219,13.533118,13.733086"
IN_B_NOT_A,827,0,0,8,"43,255,2,160,0,0,0,0",4,"12.233452,12.43337,12.633359,12.833296"
IN_B_NOT_A,827,0,0,8,"43,255,2,168,0,0,0,0",5,"11.233662,11.433626,11.633579,11.833509,12.033465"
IN_B_NOT_A,827,0,0,8,"43,255,2,174,0,0,0,0",7,"8.134381,8.234542,8.534285,8.73422,8.9342,9.134127,9.534218"
IN_B_NOT_A,827,0,0,8,"43,255,2,188,0,0,0,0",13,"4.935921,5.135908,5.335912,5.534942,5.634935,5.834886,6.034827,6.1348,6.734683,6.834654,7.334526,7.534513,7.934386"
IN_B_NOT_A,827,0,0,8,"43,255,2,199,0,0,0,0",23,"0.836061,1.036066,1.136071,1.236845,1.436104,1.536045,1.736097,1.936592,2.036069,2.136086,2.636102,2.836068,3.03609,3.136118,3.336115,3.536105,3.636143,3.836174,4.035972,4.135954,4.335934,4.635997,4.835918"
IN_B_NOT_A,827,0,0,8,"43,255,2,201,0,0,0,0",1,0.736137
IN_B_NOT_A,827,0,0,8,"43,255,2,207,0,0,0,0",5,"0.036852,0.136229,0.336189,0.436201,0.536178"
IN_B_NOT_A,828,0,0,8,"0,101,1,244,0,0,0,0",8,"1.397606,6.924624,6.954656,7.472009,8.471804,9.204146,9.471543,10.383879"
IN_B_NOT_A,828,0,0,8,"0,101,1,245,0,0,0,0",1,0.52318
IN_B_NOT_A,828,0,0,8,"0,102,1,246,0,0,0,0",12,"0.648941,1.705995,3.022662,3.472967,4.472703,5.472477,6.472246,10.49385,11.471086,11.953512,12.470891,13.471477"
IN_B_NOT_A,828,0,0,8,"0,102,1,247,0,0,0,0",11,"0.496209,0.573591,1.423043,1.473402,2.49573,6.884687,10.343914,10.403894,10.471316,11.683575,11.743557"
IN_B_NOT_A,828,0,0,8,"0,102,1,248,0,0,0,0",1,11.703603
IN_B_NOT_A,828,0,0,8,"0,102,1,255,0,0,0,0",9,"0.457123,0.546723,2.473198,6.872176,6.904667,9.184137,10.371364,11.671106,11.723569"
IN_B_NOT_A,848,0,0,8,"0,48,12,7,233,11,13,1",1,10.653097
IN_B_NOT_A,848,0,0,8,"1,48,12,7,233,11,13,1",1,11.653086
IN_B_NOT_A,848,0,0,8,"2,48,12,7,233,11,13,1",1,12.653017
IN_B_NOT_A,848,0,0,8,"3,48,12,7,233,11,13,1",1,13.652109
IN_B_NOT_A,848,0,0,8,"50,47,12,7,233,11,13,1",1,0.65318
IN_B_NOT_A,848,0,0,8,"51,47,12,7,233,11,13,1",1,1.653206
IN_B_NOT_A,848,0,0,8,"52,47,12,7,233,11,13,1",1,2.652996
IN_B_NOT_A,848,0,0,8,"53,47,12,7,233,11,13,1",1,3.653106
IN_B_NOT_A,848,0,0,8,"54,47,12,7,233,11,13,1",1,4.653376
IN_B_NOT_A,848,0,0,8,"55,47,12,7,233,11,13,1",1,5.653101
IN_B_NOT_A,848,0,0,8,"56,47,12,7,233,11,13,1",1,6.653113
IN_B_NOT_A,848,0,0,8,"57,47,12,7,233,11,13,1",1,7.653171
IN_B_NOT_A,848,0,0,8,"58,47,12,7,233,11,13,1",1,8.652955
IN_B_NOT_A,848,0,0,8,"59,47,12,7,233,11,13,1",1,9.652988
IN_B_NOT_A,876,0,0,8,"84,29,47,93,96,139,120,75",14,"0.656017,1.656109,2.655838,3.655147,4.656217,5.656005,6.655954,7.656078,8.655792,9.654994,10.655937,11.656064,12.656403,13.65495"
IN_B_NOT_A,908,0,0,8,"233,7,11,13,17,47,0,49",1,0.65885
IN_B_NOT_A,908,0,0,8,"233,7,11,13,17,47,0,51",2,"1.659013,2.658699"
IN_B_NOT_A,908,0,0,8,"233,7,11,13,17,47,0,53",2,"3.659035,4.659078"
IN_B_NOT_A,908,0,0,8,"233,7,11,13,17,47,0,55",2,"5.658915,6.658825"
IN_B_NOT_A,908,0,0,8,"233,7,11,13,17,47,0,57",2,"7.65952,8.660184"
IN_B_NOT_A,908,0,0,8,"233,7,11,13,17,47,0,59",2,"9.659427,10.658386"
IN_B_NOT_A,908,0,0,8,"233,7,11,13,17,48,0,1",2,"11.659516,12.659271"
IN_B_NOT_A,908,0,0,8,"233,7,11,13,17,48,0,3",1,13.659398
,,,,,,,
=== SUMMARY ===,,,,,,,
Total messages in A,210,,,,,,
Total messages in B,202,,,,,,
Unique to A,113,,,,,,
Unique to B,105,,,,,,
Messages in common,97,,,,,,
