Timestamp_us,Break,Sync,ID,Data,Checksum
292,0x00,0x55,0x6A,"0x24,0xA0,0x00,0x00,0x00,0xFF,0xFF,0xFF",0xD0
537,0x00,0x55,0xE9,,0x00
598,0x00,0x55,0xAD,,0x00
658,0x00,0x55,0x61,"0x20,0x44,0xFF,0xFF,0xFF,0xFF,0xFF,0xFF",0x3A
904,0x00,0x55,0xCF,"0x0C,0xFE",0x25
1025,0x00,0x55,0x8E,"0x60,0x7F",0x91
1146,0x00,0x55,0xDD,"0x00,0xFC",0x25
1267,0x00,0x55,0x1F,"0x7E,0xC9,0x00,0x0C,0x00,0xC0,0xFF,0xFF",0xCB
1508,0x00,0x55,0x80,"0x80,0xFF",0xFE
1629,0x00,0x55,0x32,"0x09,0x00",0xC4
1750,0x00,0x55,0x9C,"0x00,0x00,0x2B,0x10,0xE0,0xFF,0x3F,0x35",0xD2
1996,0x00,0x55,0x1F,"0x7E,0xC9,0x00,0x0C,0x00,0xC0,0xFF,0xFF",0xCB
2238,0x00,0x55,0x42,"0x00,0xFF",0xBD
2363,0x00,0x55,0xCA,"0xFC,0x7F",0xB8
2517,0x00,0x55,0x0D,"0x00,0x00",0xF2
2631,0x00,0x55,0xC1,"0x00,0x10,0x00,0xFF",0x2E
2809,0x00,0x55,0xB1,"0x0C,0x00",0x42
2927,0x00,0x55,0xC4,,0x00
2984,0x00,0x55,0x1F,"0x7E,0xC9,0x00,0x0C,0x00,0xC0,0xFF,0xFF",0xCB
3212,0x00,0x55,0x6A,"0x24,0xA0,0x00,0x00,0x00,0xFF,0xFF,0xFF",0xD0
3442,0x00,0x55,0xE9,,0x00
3499,0x00,0x55,0xAD,,0x00
3556,0x00,0x55,0x61,"0x20,0x44,0xFF,0xFF,0xFF,0xFF,0xFF,0xFF",0x3A
3783,0x00,0x55,0xCF,"0x0C,0xFE",0x25
3901,0x00,0x55,0x8E,"0x60,0x7F",0x91
4015,0x00,0x55,0xDD,"0x00,0xFC",0x25
4129,0x00,0x55,0x1F,"0x7E,0xC9,0x00,0x0C,0x00,0xC0,0xFF,0xFF",0xCB
4357,0x00,0x55,0x80,"0x80,0xFF",0xFE
4473,0x00,0x55,0x32,"0x09,0x00",0xC4
4587,0x00,0x55,0x9C,"0x00,0x00,0x2B,0x10,0xE0,0xFF,0x3F,0x35",0xD2
4814,0x00,0x55,0x1F,"0x7E,0xC9,0x00,0x0C,0x00,0xC0,0xFF,0xFF",0xCB
5046,0x00,0x55,0x42,"0x00,0xFF",0xBD
5160,0x00,0x55,0xCA,"0xFC,0x7F",0xB8
5274,0x00,0x55,0x0D,"0x00,0x00",0xF2
5371,,0x55,0x61,"0x20,0x44,0xFF,0xFF,0xFF,0xFF,0xFF,0xFF",0x3A
5598,0x00,0x55,0xCF,"0x0C,0xFE",0x25
5712,0x00,0x55,0x8E,"0x60,0x7F",0x91
5826,0x00,0x55,0xDD,"0x00,0xFC",0x25
5944,0x00,0x55,0x1F,"0x7E,0xC9,0x00,0x0C,0x00,0xC0,0xFF,0xFF",0xCB
6173,0x00,0x55,0x80,"0x80,0xFF",0xFE
6287,0x00,0x55,0x32,"0x09,0x00",0xC4
6402,0x00,0x55,0x9C,"0x00,0x00,0x2B,0x10,0xE0,0xFF,0x3F,0x35",0xD2
6629,0x00,0x55,0x1F,"0x7E,0xC9,0x00,0x0C,0x00,0xC0,0xFF,0xFF",0xCB
6857,0x00,0x55,0x42,"0x00,0xFF",0xBD
6976,0x00,0x55,0xCA,"0xFC,0x7F",0xB8
7089,0x00,0x55,0x0D,"0x00,0x00",0xF2
7203,0x00,0x55,0xC1,"0x00,0x10,0x00,0xFF",0x2E
7355,0x00,0x55,0xB1,"0x0C,0x00",0x42
10703,,0x55,0xC4,,0xFF
20703,,0x55,0x1F,"0x7E,0xC9,0x00,0x0C,0x00,0xC0,0xFF,0xFF",0xCB
30723,,0x55,0x6A,"0x24,0xA0,0x00,0x00,0x00,0xFF,0xFF,0xFF",0xD0
40717,,0x55,0xE9,,0x00
50710,,0x55,0x61,"0x20,0x44,0xFF,0xFF,0xFF,0xFF,0xFF,0xFF",0x3A
60703,,0x55,0xCF,"0x0C,0xFE",0x25
65726,,0x55,0x8E,"0x60,0x7F",0x91
70718,,0x55,0xDD,"0x00,0xFC",0x25
75726,,0x55,0x1F,"0x7E,0xC9,0x00,0x0C,0x00,0xC0,0xFF,0xFF",0xCB
85725,,0x55,0x80,"0x80,0xFF",0xFE
90702,,0x55,0x32,"0x09,0x00",0xC4
95726,,0x55,0x9C,"0x00,0x00,0x2B,0x10,0xE0,0xFF,0x3F,0x35",0xD2
105723,,0x55,0x1F,"0x7E,0xC9,0x00,0x0C,0x00,0xC0,0xFF,0xFF",0xCB
115718,,0x55,0x42,"0x00,0xFF",0xBD
120703,,0x55,0xCA,"0xFC,0x7F",0xB8
130703,,0x55,0x0D,"0x00,0x00",0xF2
140702,,0x55,0xC1,"0x00,0x10,0x00,0xFF",0x2E
150726,,0x55,0xB1,"0x0C,0x00",0x42
160710,,0x55,0xC4,,0x00
180730,,0x55,0x6A,"0x24,0xA0,0x00,0x00,0x00,0xFF,0xFF,0xFF",0xD0
190748,,0x55,0xE9,,0xFF
195718,,0x55,0xAD,,0x00
210700,,0x55,0xCF,"0x0C,0xFE",0x25
215723,,0x55,0x8E,"0x60,0x7F",0x91
220702,,0x55,0xDD,"0x00,0xFC",0x25
225718,,0x55,0x1F,"0x7E,0xC9,0x00,0x0C,0x00,0xC0,0xFF,0xFF",0xCB
235723,,0x55,0x80,"0x80,0xFF",0xFE
240702,,0x55,0x32,"0x09,0x00",0xC4
245726,,0x55,0x9C,"0x00,0x00,0x2B,0x10,0xE0,0xFF,0x3F,0x35",0xD2
255718,,0x55,0x1F,"0x7E,0xC9,0x00,0x0C,0x00,0xC0,0xFF,0xFF",0xCB
265725,,0x55,0x42,"0x00,0xFF",0xBD
270699,,0x55,0xCA,"0xFC,0x7F",0xB8
280695,,0x55,0x0D,"0x00,0x00",0xF2
290703,,0x55,0xC1,"0x00,0x10,0x00,0xFF",0x2E
300710,,0x55,0xB1,"0x0C,0x00",0x42
310695,,0x55,0xC4,,0x00
330741,,0x55,0x6A,"0x24,0xA0,0x00,0x00,0x00,0xFF,0xFF,0xFF",0xD0
340703,,0x55,0xE9,,0x00
350715,,0x55,0x61,"0x20,0x44,0xFF,0xFF,0xFF,0xFF,0xFF,0xFF",0x3A
360710,,0x55,0xCF,"0x0C,0xFE",0x25
365710,,0x55,0x8E,"0x60,0x7F",0x91
370710,,0x55,0xDD,"0x00,0xFC",0x25
375707,,0x55,0x1F,"0x7E,0xC9,0x00,0x0C,0x00,0xC0,0xFF,0xFF",0xCB
385741,,0x55,0x80,"0x80,0xFF",0xFE
390733,,0x55,0x32,"0x09,0x00",0xC4
395715,,0x55,0x9C,"0x00,0x00,0x2A,0x10,0xE0,0xFF,0x3F,0x35",0xD3
405718,,0x55,0x1F,"0x7E,0xC9,0x00,0x0C,0x00,0xC0,0xFF,0xFF",0xCB
415718,,0x55,0x42,"0x00,0xFF",0xBD
420722,,0x55,0xCA,"0xFC,0x7F",0xB8
430695,,0x55,0x0D,"0x00,0x00",0xF2
440695,,0x55,0xC1,"0x00,0x10,0x00,0xFF",0x2E
450700,,0x55,0xB1,"0x0C,0x00",0x42
460695,,0x55,0xC4,,0x00
480718,,0x55,0x6A,"0x24,0xA0,0x00,0x00,0x00,0xFF,0xFF,0xFF",0xD0
490718,,0x55,0xE9,,0x00
500710,,0x55,0x61,"0x20,0x44,0xFF,0xFF,0xFF,0xFF,0xFF,0xFF",0x3A
510703,,0x55,0xCF,"0x0C,0xFE",0x25
515726,,0x55,0x8E,"0x60,0x7F",0x91
520702,,0x55,0xDD,"0x00,0xFC",0x25
525726,,0x55,0x1F,"0x7E,0xC9,0x00,0x0C,0x00,0xC0,0xFF,0xFF",0xCB
535726,,0x55,0x80,"0x80,0xFF",0xFE
540702,,0x55,0x32,"0x09,0x00",0xC4
545726,,0x55,0x9C,"0x00,0x00,0x2B,0x10,0xE0,0xFF,0x3F,0x35",0xD2
555710,,0x55,0x1F,"0x7E,0xC9,0x00,0x0C,0x00,0xC0,0xFF,0xFF",0xCB
565710,,0x55,0x42,"0x00,0xFF",0xBD
570725,,0x55,0xCA,"0xFC,0x7F",0xB8
580703,,0x55,0x0D,"0x00,0x00",0xF2
590710,,0x55,0xC1,"0x00,0x10,0x00,0xFF",0x2E
600710,,0x55,0xB1,"0x0C,0x00",0x42
610695,,0x55,0xC4,,0x00
630717,,0x55,0x6A,"0x24,0xA0,0x00,0x00,0x00,0xFF,0xFF,0xFF",0xD0
640718,,0x55,0xE9,,0x00
650702,,0x55,0x61,"0x20,0x44,0xFF,0xFF,0xFF,0xFF,0xFF,0xFF",0x3A
660702,,0x55,0xCF,"0x0C,0xFE",0x25
665722,,0x55,0x8E,"0x60,0x7F",0x91
670700,,0x55,0xDD,"0x00,0xFC",0x25
675733,,0x55,0x1F,"0x7E,0xC9,0x00,0x0C,0x00,0xC0,0xFF,0xFF",0xCB
685717,,0x55,0x80,"0x80,0xFF",0xFE
690703,,0x55,0x32,"0x09,0x00",0xC4
695726,,0x55,0x9C,"0x00,0x00,0x2B,0x10,0xE0,0xFF,0x3F,0x35",0xD2
705730,,0x55,0x1F,"0x7E,0xC9,0x00,0x0C,0x00,0xC0,0xFF,0xFF",0xCB
715740,,0x55,0x42,"0x00,0xFF",0xBD
720702,,0x55,0xCA,"0xFC,0x7F",0xB8
730695,,0x55,0x0D,"0x00,0x00",0xF2
740695,,0x55,0xC1,"0x00,0x10,0x00,0xFF",0x2E
750725,,0x55,0xB1,"0x0C,0x00",0x42
760707,,0x55,0xC4,,0xFF
770710,,0x55,0x1F,"0x7E,0xC9,0x00,0x0C,0x00,0xC0,0xFF,0xFF",0xCB
780710,,0x55,0x6A,"0x24,0xA0,0x00,0x00,0x00,0xFF,0xFF,0xFF",0xD0
790725,,0x55,0xE9,,0x00
800717,,0x55,0x61,"0x20,0x44,0xFF,0xFF,0xFF,0xFF,0xFF,0xFF",0x3A
810695,,0x55,0xCF,"0x0C,0xFE",0x25
815741,,0x55,0x8E,"0x60,0x7F",0x91
820695,,0x55,0xDD,"0x00,0xFC",0x25
825741,,0x55,0x1F,"0x7E,0xC9,0x00,0x0C,0x00,0xC0,0xFF,0xFF",0xCB
835741,,0x55,0x80,"0x80,0xFF",0xFE
840700,,0x55,0x32,"0x09,0x00",0xC4
845733,,0x55,0x9C,"0x00,0x00,0x2B,0x10,0xE0,0xFF,0x3F,0x35",0xD2
855733,,0x55,0x1F,"0x7E,0xC9,0x00,0x0C,0x00,0xC0,0xFF,0xFF",0xCB
865725,,0x55,0x42,"0x00,0xFF",0xBD
870694,,0x55,0xCA,"0xFC,0x7F",0xB8
880694,,0x55,0x0D,"0x00,0x00",0xF2
890695,,0x55,0xC1,"0x00,0x10,0x00,0xFF",0x2E
900710,,0x55,0xB1,"0x0C,0x00",0x42
910694,,0x55,0xC4,,0x00
930771,,0x55,0x6A,"0x24,0xA0,0x00,0x00,0x00,0xFF,0xFF,0xFF",0xD0
940702,,0x55,0xE9,,0x00
950710,,0x55,0x61,"0x20,0x44,0xFF,0xFF,0xFF,0xFF,0xFF,0xFF",0x3A
960710,,0x55,0xCF,"0x0C,0xFE",0x25
965733,,0x55,0x8E,"0x60,0x7F",0x91
970710,,0x55,0xDD,"0x00,0xFC",0x25
975733,,0x55,0x1F,"0x7E,0xC9,0x00,0x0C,0x00,0xC0,0xFF,0xFF",0xCB
985725,,0x55,0x80,"0x80,0xFF",0xFE
990707,,0x55,0x32,"0x09,0x00",0xC4
995733,,0x55,0x9C,"0x00,0x00,0x2A,0x10,0xE0,0xFF,0x3F,0x35",0xD3
1005741,,0x55,0x1F,"0x7E,0xC9,0x00,0x0C,0x00,0xC0,0xFF,0xFF",0xCB
1015740,,0x55,0x42,"0x00,0xFF",0xBD
1020694,,0x55,0xCA,"0xFC,0x7F",0xB8
1030695,,0x55,0x0D,"0x00,0x00",0xF2
1040694,,0x55,0xC1,"0x00,0x10,0x00,0xFF",0x2E
1050718,,0x55,0xB1,"0x0C,0x00",0x42
1060692,,0x55,0xC4,,0x00
1080718,,0x55,0x6A,"0x24,0xA0,0x00,0x00,0x00,0xFF,0xFF,0xFF",0xD0
1090710,,0x55,0xE9,,0x00
1100710,,0x55,0x61,"0x20,0x44,0xFF,0xFF,0xFF,0xFF,0xFF,0xFF",0x3A
1110717,,0x55,0xCF,"0x0C,0xFE",0x25
1115740,,0x55,0x8E,"0x60,0x7F",0x91
1120722,,0x55,0xDD,"0x00,0xFC",0x25
1125746,,0x55,0x1F,"0x7E,0xC9,0x00,0x0C,0x00,0xC0,0xFF,0xFF",0xCB
1135746,,0x55,0x80,"0x80,0xFF",0xFE
1140700,,0x55,0x32,"0x09,0x00",0xC4
1145741,,0x55,0x9C,"0x00,0x00,0x2B,0x10,0xE0,0xFF,0x3F,0x35",0xD2
1155733,,0x55,0x1F,"0x7E,0xC9,0x00,0x0C,0x00,0xC0,0xFF,0xFF",0xCB
1165733,,0x55,0x42,"0x00,0xFF",0xBD
1170707,,0x55,0xCA,"0xFC,0x7F",0xB8
1180702,,0x55,0x0D,"0x00,0x00",0xF2
1190702,,0x55,0xC1,"0x00,0x10,0x00,0xFF",0x2E
1200702,,0x55,0xB1,"0x0C,0x00",0x42
1210692,,0x55,0xC4,,0xFF
1220695,,0x55,0x1F,"0x7E,0xC9,0x00,0x0C,0x00,0xC0,0xFF,0xFF",0xCB
1230707,,0x55,0x6A,"0x24,0xA0,0x00,0x00,0x00,0xFF,0xFF,0xFF",0xD0
1240763,,0x55,0xE9,,0x00
1250718,,0x55,0x61,"0x20,0x44,0xFF,0xFF,0xFF,0xFF,0xFF,0xFF",0x3A
1260718,,0x55,0xCF,"0x0C,0xFE",0x25
1265710,,0x55,0x8E,"0x60,0x7F",0x91
1270695,,0x55,0xDD,"0x00,0xFC",0x25
1275740,,0x55,0x1F,"0x7E,0xC9,0x00,0x0C,0x00,0xC0,0xFF,0xFF",0xCB
1285748,,0x55,0x80,"0x80,0xFF",0xFE
1290694,,0x55,0x32,"0x09,0x00",0xC4
1295741,,0x55,0x9C,"0x00,0x00,0x2A,0x10,0xE0,0xFF,0x3F,0x35",0xD3
1305738,,0x55,0x1F,"0x7E,0xC9,0x00,0x0C,0x00,0xC0,0xFF,0xFF",0xCB
1315748,,0x55,0x42,"0x00,0xFF",0xBD
1320700,,0x55,0xCA,"0xFC,0x7F",0xB8
1330692,,0x55,0x0D,"0x00,0x00",0xF2
1340695,,0x55,0xC1,"0x00,0x10,0x00,0xFF",0x2E
1350702,,0x55,0xB1,"0x0C,0x00",0x42
1360702,,0x55,0xC4,,0x00
1380703,,0x55,0x6A,"0x24,0xA0,0x00,0x00,0x00,0xFF,0xFF,0xFF",0xD0
1390703,,0x55,0xE9,,0x00
1400703,,0x55,0x61,"0x20,0x44,0xFF,0xFF,0xFF,0xFF,0xFF,0xFF",0x3A
1410692,,0x55,0xCF,"0x0C,0xFE",0x25
1415741,,0x55,0x8E,"0x60,0x7F",0x91
1420695,,0x55,0xDD,"0x00,0xFC",0x25
1425746,,0x55,0x1F,"0x7E,0xC9,0x00,0x0C,0x00,0xC0,0xFF,0xFF",0xCB
1435749,,0x55,0x80,"0x80,0xFF",0xFE
1440695,,0x55,0x32,"0x09,0x00",0xC4
1445702,,0x55,0x9C,"0x00,0x00,0x2B,0x10,0xE0,0xFF,0x3F,0x35",0xD2
1455741,,0x55,0x1F,"0x7E,0xC9,0x00,0x0C,0x00,0xC0,0xFF,0xFF",0xCB
1465718,,0x55,0x42,"0x00,0xFF",0xBD
1470710,,0x55,0xCA,"0xFC,0x7F",0xB8
1480718,,0x55,0x0D,"0x00,0x00",0xF2
1490695,,0x55,0xC1,"0x00,0x10,0x00,0xFF",0x2E
1500733,,0x55,0xB1,"0x0C,0x00",0x42
1510687,,0x55,0xC4,,0x00
1530694,,0x55,0x6A,"0x24,0xA0,0x00,0x00,0x00,0xFF,0xFF,0xFF",0xD0
1540715,,0x55,0xE9,,0x00
1550779,,0x55,0x61,"0x20,0x44,0xFF,0xFF,0xFF,0xFF,0xFF,0xFF",0x3A
1560748,,0x55,0xCF,"0x0C,0xFE",0x25
1565702,,0x55,0x8E,"0x60,0x7F",0x91
1570730,,0x55,0xDD,"0x00,0xFC",0x25
1575733,,0x55,0x1F,"0x7E,0xC9,0x00,0x0C,0x00,0xC0,0xFF,0xFF",0xCB
1585725,,0x55,0x80,"0x80,0xFF",0xFE
1590733,,0x55,0x32,"0x09,0x00",0xC4
1595733,,0x55,0x9C,"0x00,0x00,0x2B,0x10,0xE0,0xFF,0x3F,0x35",0xD2
1605741,,0x55,0x1F,"0x7E,0xC9,0x00,0x0C,0x00,0xC0,0xFF,0xFF",0xCB
1615741,,0x55,0x42,"0x00,0xFF",0xBD
1620695,,0x55,0xCA,"0xFC,0x7F",0xB8
1630687,,0x55,0x0D,"0x00,0x00",0xF2
1640687,,0x55,0xC1,"0x00,0x10,0x00,0xFF",0x2E
1650692,,0x55,0xB1,"0x0C,0x00",0x42
1660687,,0x55,0xC4,,0x00
1680703,,0x55,0x6A,"0x24,0xA0,0x00,0x00,0x00,0xFF,0xFF,0xFF",0xD0
1690718,,0x55,0xE9,,0x00
1700725,,0x55,0x61,"0x20,0x44,0xFF,0xFF,0xFF,0xFF,0xFF,0xFF",0x3A
1710738,,0x55,0xCF,"0x0C,0xFE",0x25
1715761,,0x55,0x8E,"0x60,0x7F",0x91
1720717,,0x55,0xDD,"0x00,0xFC",0x25
1725741,,0x55,0x1F,"0x7E,0xC9,0x00,0x0C,0x00,0xC0,0xFF,0xFF",0xCB
1735740,,0x55,0x80,"0x80,0xFF",0xFE
1740695,,0x55,0x32,"0x09,0x00",0xC4
1745733,,0x55,0x9C,"0x00,0x00,0x2B,0x10,0xE0,0xFF,0x3F,0x35",0xD2
1755725,,0x55,0x1F,"0x7E,0xC9,0x00,0x0C,0x00,0xC0,0xFF,0xFF",0xCB
1765733,,0x55,0x42,"0x00,0xFF",0xBD
1770707,,0x55,0xCA,"0xFC,0x7F",0xB8
1780710,,0x55,0x0D,"0x00,0x00",0xF2
1790749,,0x55,0xC1,"0x00,0x10,0x00,0xFF",0x2E
1800733,,0x55,0xB1,"0x0C,0x00",0x42
1810733,,0x55,0xC4,,0xFF
1820718,,0x55,0x1F,"0x7E,0xC9,0x00,0x0C,0x00,0xC0,0xFF,0xFF",0xCB
1830738,,0x55,0x6A,"0x24,0xA0,0x00,0x00,0x00,0xFF,0xFF,0xFF",0xD0
1840730,,0x55,0xE9,,0x00
1850756,,0x55,0x61,"0x20,0x44,0xFF,0xFF,0xFF,0xFF,0xFF,0xFF",0x3A
1860833,,0x55,0xCF,"0x0C,0xFE",0x25
1865717,,0x55,0x8E,"0x60,0x7F",0x91
1870717,,0x55,0xDD,"0x00,0xFC",0x25
1875733,,0x55,0x1F,"0x7E,0xC9,0x00,0x0C,0x00,0xC0,0xFF,0xFF",0xCB
1885740,,0x55,0x80,"0x80,0xFF",0xFE
1890715,,0x55,0x32,"0x09,0x00",0xC4
1895738,,0x55,0x9C,"0x00,0x00,0x2A,0x10,0xE0,0xFF,0x3F,0x35",0xD3
1905733,,0x55,0x1F,"0x7E,0xC9,0x00,0x0C,0x00,0xC0,0xFF,0xFF",0xCB
1915749,,0x55,0x42,"0x00,0xFF",0xBD
1920718,,0x55,0xCA,"0xFC,0x7F",0xB8
1930715,,0x55,0x0D,"0x00,0x00",0xF2
1940710,,0x55,0xC1,"0x00,0x10,0x00,0xFF",0x2E
1950725,,0x55,0xB1,"0x0C,0x00",0x42
1960700,,0x55,0xC4,,0xFF
1970702,,0x55,0x1F,"0x7E,0xC9,0x00,0x0C,0x00,0xC0,0xFF,0xFF",0xCB
1980702,,0x55,0x6A,"0x24,0xA0,0x00,0x00,0x00,0xFF,0xFF,0xFF",0xD0
1990702,,0x55,0xE9,,0xFF
1995733,,0x55,0xAD,,0x00
2010687,,0x55,0xCF,"0x0C,0xFE",0x25
2015833,,0x55,0x8E,"0x60,0x7F",0x91
2020687,,0x55,0xDD,"0x00,0xFC",0x25
2025733,,0x55,0x1F,"0x7E,0xC9,0x00,0x0C,0x00,0xC0,0xFF,0xFF",0xCB
2035738,,0x55,0x80,"0x80,0xFF",0xFE
2040710,,0x55,0x32,"0x09,0x00",0xC4
2045741,,0x55,0x9C,"0x00,0x00,0x2B,0x10,0xE0,0xFF,0x3F,0x35",0xD2
2055733,,0x55,0x1F,"0x7E,0xC9,0x00,0x0C,0x00,0xC0,0xFF,0xFF",0xCB
2065722,,0x55,0x42,"0x00,0xFF",0xBD
2070688,,0x55,0xCA,"0xFC,0x7F",0xB8
2080687,,0x55,0x0D,"0x00,0x00",0xF2
2090687,,0x55,0xC1,"0x00,0x10,0x00,0xFF",0x2E
2100702,,0x55,0xB1,"0x0C,0x00",0x42
2110687,,0x55,0xC4,,0xFF
2120687,,0x55,0x1F,"0x7E,0xC9,0x00,0x0C,0x00,0xC0,0xFF,0xFF",0xCB
2130695,,0x55,0x6A,"0x24,0xA0,0x00,0x00,0x00,0xFF,0xFF,0xFF",0xD0
2140687,,0x55,0xE9,,0x00
2150718,,0x55,0x61,"0x20,0x44,0xFF,0xFF,0xFF,0xFF,0xFF,0xFF",0x3A
2160703,,0x55,0xCF,"0x0C,0xFE",0x25
2165733,,0x55,0x8E,"0x60,0x7F",0x91
2170825,,0x55,0xDD,"0x00,0xFC",0x25
2175725,,0x55,0x1F,"0x7E,0xC9,0x00,0x0C,0x00,0xC0,0xFF,0xFF",0xCB
2185718,,0x55,0x80,"0x80,0xFF",0xFE
2190702,,0x55,0x32,"0x09,0x00",0xC4
2195730,,0x55,0x9C,"0x00,0x00,0x2B,0x10,0xE0,0xFF,0x3F,0x35",0xD2
2205725,,0x55,0x1F,"0x7E,0xC9,0x00,0x0C,0x00,0xC0,0xFF,0xFF",0xCB
2215733,,0x55,0x42,"0x00,0xFF",0xBD
2220687,,0x55,0xCA,"0xFC,0x7F",0xB8
2230687,,0x55,0x0D,"0x00,0x00",0xF2
2240687,,0x55,0xC1,"0x00,0x10,0x00,0xFF",0x2E
2250687,,0x55,0xB1,"0x0C,0x00",0x42
2260687,,0x55,0xC4,,0x00
2280687,,0x55,0x6A,"0x24,0xA0,0x00,0x00,0x00,0xFF,0xFF,0xFF",0xD0
2290687,,0x55,0xE9,,0x00
2300702,,0x55,0x61,"0x20,0x44,0xFF,0xFF,0xFF,0xFF,0xFF,0xFF",0x3A
2310710,,0x55,0xCF,"0x0C,0xFE",0x25
2315753,,0x55,0x8E,"0x60,0x7F",0x91
2320718,,0x55,0xDD,"0x00,0xFC",0x25
2325846,,0x55,0x1F,"0x7E,0xC9,0x00,0x0C,0x00,0xC0,0xFF,0xFF",0xCB
2335741,,0x55,0x80,"0x80,0xFF",0xFE
2340702,,0x55,0x32,"0x09,0x00",0xC4
2345733,,0x55,0x9C,"0x00,0x00,0x2B,0x10,0xE0,0xFF,0x3F,0x35",0xD2
2355725,,0x55,0x1F,"0x7E,0xC9,0x00,0x0C,0x00,0xC0,0xFF,0xFF",0xCB
2365700,,0x55,0x42,"0x00,0xFF",0xBD
2370700,,0x55,0xCA,"0xFC,0x7F",0xB8
2380718,,0x55,0x0D,"0x00,0x00",0xF2
2390695,,0x55,0xC1,"0x00,0x10,0x00,0xFF",0x2E
2400695,,0x55,0xB1,"0x0C,0x00",0x42
2410684,,0x55,0xC4,,0xFF
2420687,,0x55,0x1F,"0x7E,0xC9,0x00,0x0C,0x00,0xC0,0xFF,0xFF",0xCB
2430687,,0x55,0x6A,"0x24,0xA0,0x00,0x00,0x00,0xFF,0xFF,0xFF",0xD0
2440687,,0x55,0xE9,,0x00
2450692,,0x55,0x61,"0x20,0x44,0xFF,0xFF,0xFF,0xFF,0xFF,0xFF",0x3A
2460718,,0x55,0xCF,"0x0C,0xFE",0x25
2465741,,0x55,0x8E,"0x60,0x7F",0x91
2470687,,0x55,0xDD,"0x00,0xFC",0x25
2475754,,0x55,0x1F,"0x7E,0xC9,0x00,0x0C,0x00,0xC0,0xFF,0xFF",0xCB
2485715,,0x55,0x80,"0x80,0xFF",0xFE
2490689,,0x55,0x32,"0x09,0x00",0xC4
2495733,,0x55,0x9C,"0x00,0x00,0x2B,0x10,0xE0,0xFF,0x3F,0x35",0xD2
2505730,,0x55,0x1F,"0x7E,0xC9,0x00,0x0C,0x00,0xC0,0xFF,0xFF",0xCB
2515741,,0x55,0x42,"0x00,0xFF",0xBD
2520694,,0x55,0xCA,"0xFC,0x7F",0xB8
2530684,,0x55,0x0D,"0x00,0x00",0xF2
2540684,,0x55,0xC1,"0x00,0x10,0x00,0xFF",0x2E
2550695,,0x55,0xB1,"0x0C,0x00",0x42
2560702,,0x55,0xC4,,0x00
2580695,,0x55,0x6A,"0x24,0xA0,0x00,0x00,0x00,0xFF,0xFF,0xFF",0xD0
2590695,,0x55,0xE9,,0x00
2600725,,0x55,0x61,"0x20,0x44,0xFF,0xFF,0xFF,0xFF,0xFF,0xFF",0x3A
2610703,,0x55,0xCF,"0x0C,0xFE",0x25
2615753,,0x55,0x8E,"0x60,0x7F",0x91
2620703,,0x55,0xDD,"0x00,0xFC",0x25
2625710,,0x55,0x1F,"0x7E,0xC9,0x00,0x0C,0x00,0xC0,0xFF,0xFF",0xCB
2635960,,0x55,0x80,"0x80,0xFF",0xFE
2640687,,0x55,0x32,"0x09,0x00",0xC4
2645733,,0x55,0x9C,"0x00,0x00,0x2B,0x10,0xE0,0xFF,0x3F,0x35",0xD2
2655764,,0x55,0x1F,"0x7E,0xC9,0x00,0x0C,0x00,0xC0,0xFF,0xFF",0xCB
2665710,,0x55,0x42,"0x00,0xFF",0xBD
2670684,,0x55,0xCA,"0xFC,0x7F",0xB8
2680710,,0x55,0x0D,"0x00,0x00",0xF2
2690684,,0x55,0xC1,"0x00,0x10,0x00,0xFF",0x2E
2700710,,0x55,0xB1,"0x0C,0x00",0x42
2710680,,0x55,0xC4,,0x00
2730687,,0x55,0x6A,"0x24,0xA0,0x00,0x00,0x00,0xFF,0xFF,0xFF",0xD0
2740710,,0x55,0xE9,,0x00
2750703,,0x55,0x61,"0x20,0x44,0xFF,0xFF,0xFF,0xFF,0xFF,0xFF",0x3A
2760740,,0x55,0xCF,"0x0C,0xFE",0x25
2765710,,0x55,0x8E,"0x60,0x7F",0x91
2770715,,0x55,0xDD,"0x00,0xFC",0x25
2775702,,0x55,0x1F,"0x7E,0xC9,0x00,0x0C,0x00,0xC0,0xFF,0xFF",0xCB
2785695,,0x55,0x80,"0x80,0xFF",0xFE
2790695,,0x55,0x32,"0x09,0x00",0xC4
2795695,,0x55,0x9C,"0x00,0x00,0x2B,0x10,0xE0,0xFF,0x3F,0x35",0xD2
2805707,,0x55,0x1F,"0x7E,0xC9,0x00,0x0C,0x00,0xC0,0xFF,0xFF",0xCB
2815710,,0x55,0x42,"0x00,0xFF",0xBD
2820687,,0x55,0xCA,"0xFC,0x7F",0xB8
2830680,,0x55,0x0D,"0x00,0x00",0xF2
2840680,,0x55,0xC1,"0x00,0x10,0x00,0xFF",0x2E
2850684,,0x55,0xB1,"0x0C,0x00",0x42
2860679,,0x55,0xC4,,0x00
2880687,,0x55,0x6A,"0x24,0xA0,0x00,0x00,0x00,0xFF,0xFF,0xFF",0xD0
2890687,,0x55,0xE9,,0x00
2900703,,0x55,0x61,"0x20,0x44,0xFF,0xFF,0xFF,0xFF,0xFF,0xFF",0x3A
2910687,,0x55,0xCF,"0x0C,0xFE",0x25
2915749,,0x55,0x8E,"0x60,0x7F",0x91
2920710,,0x55,0xDD,"0x00,0xFC",0x25
2925725,,0x55,0x1F,"0x7E,0xC9,0x00,0x0C,0x00,0xC0,0xFF,0xFF",0xCB
2935741,,0x55,0x80,"0x80,0xFF",0xFE
2940684,,0x55,0x32,"0x09,0x00",0xC4
2945726,,0x55,0x9C,"0x00,0x00,0x2B,0x10,0xE0,0xFF,0x3F,0x35",0xD2
2955703,,0x55,0x1F,"0x7E,0xC9,0x00,0x0C,0x00,0xC0,0xFF,0xFF",0xCB
2965702,,0x55,0x42,"0x00,0xFF",0xBD
2970694,,0x55,0xCA,"0xFC,0x7F",0xB8
2980687,,0x55,0x0D,"0x00,0x00",0xF2
2990695,,0x55,0xC1,"0x00,0x10,0x00,0xFF",0x2E
3000695,,0x55,0xB1,"0x0C,0x00",0x42
3010680,,0x55,0xC4,,0x00
3030687,,0x55,0x6A,"0x24,0xA0,0x00,0x00,0x00,0xFF,0xFF,0xFF",0xD0
3040680,,0x55,0xE9,,0x00
3050687,,0x55,0x61,"0x20,0x44,0xFF,0xFF,0xFF,0xFF,0xFF,0xFF",0x3A
3060703,,0x55,0xCF,"0x0C,0xFE",0x25
3065746,,0x55,0x8E,"0x60,0x7F",0x91
3070704,,0x55,0xDD,"0x00,0xFC",0x25
3075745,,0x55,0x1F,"0x7E,0xC9,0x00,0x0C,0x00,0xC0,0xFF,0xFF",0xCB
3085710,,0x55,0x80,"0x80,0xFF",0xFE
3090687,,0x55,0x32,"0x09,0x00",0xC4
3095718,,0x55,0x9C,"0x00,0x00,0x2B,0x10,0xE0,0xFF,0x3F,0x35",0xD2
3105702,,0x55,0x1F,"0x7E,0xC9,0x00,0x0C,0x00,0xC0,0xFF,0xFF",0xCB
3115733,,0x55,0x42,"0x00,0xFF",0xBD
3120687,,0x55,0xCA,"0xFC,0x7F",0xB8
3130680,,0x55,0x0D,"0x00,0x00",0xF2
3140680,,0x55,0xC1,"0x00,0x10,0x00,0xFF",0x2E
3150695,,0x55,0xB1,"0x0C,0x00",0x42
3160692,,0x55,0xC4,,0xFF
3170695,,0x55,0x1F,"0x7E,0xC9,0x00,0x0C,0x00,0xC0,0xFF,0xFF",0xCB
3180694,,0x55,0x6A,"0x24,0xA0,0x00,0x00,0x00,0xFF,0xFF,0xFF",0xD0
3190694,,0x55,0xE9,,0x00
3200702,,0x55,0x61,"0x20,0x44,0xFF,0xFF,0xFF,0xFF,0xFF,0xFF",0x3A
3210680,,0x55,0xCF,"0x0C,0xFE",0x25
3215733,,0x55,0x8E,"0x60,0x7F",0x91
3220687,,0x55,0xDD,"0x00,0xFC",0x25
3225722,,0x55,0x1F,"0x7E,0xC9,0x00,0x0C,0x00,0xC0,0xFF,0xFF",0xCB
3235748,,0x55,0x80,"0x88,0xFF",0xF6
3240680,,0x55,0x32,"0x09,0x00",0xC4
3245708,,0x55,0x9C,"0x00,0x00,0x2B,0x10,0xE0,0xFF,0x3F,0x35",0xD2
3255702,,0x55,0x1F,"0x7E,0xC9,0x00,0x0C,0x00,0xC0,0xFF,0xFF",0xCB
3265702,,0x55,0x42,"0x00,0xFF",0xBD
3270680,,0x55,0xCA,"0xFC,0x7F",0xB8
3280695,,0x55,0x0D,"0x00,0x00",0xF2
3290679,,0x55,0xC1,"0x00,0x10,0x00,0xFF",0x2E
3300695,,0x55,0xB1,"0x0C,0x00",0x42
3310679,,0x55,0xC4,,0x00
3330687,,0x55,0x6A,"0x24,0xA0,0x00,0x00,0x00,0xFF,0xFF,0xFF",0xD0
3340702,,0x55,0xE9,,0x00
3350694,,0x55,0x61,"0x20,0x44,0xFF,0xFF,0xFF,0xFF,0xFF,0xFF",0x3A
3360718,,0x55,0xCF,"0x0C,0xFE",0x25
3365703,,0x55,0x8E,"0x60,0x7F",0x91
3370710,,0x55,0xDD,"0x00,0xFC",0x25
3375725,,0x55,0x1F,"0x7E,0xC9,0x00,0x0C,0x00,0xC0,0xFF,0xFF",0xCB
3385733,,0x55,0x80,"0x80,0xFF",0xFE
3390695,,0x55,0x32,"0x09,0x00",0xC4
3395695,,0x55,0x9C,"0x00,0x00,0x2B,0x10,0xE0,0xFF,0x3F,0x35",0xD2
3405702,,0x55,0x1F,"0x7E,0xC9,0x00,0x0C,0x00,0xC0,0xFF,0xFF",0xCB
3415702,,0x55,0x42,"0x00,0xFF",0xBD
3420710,,0x55,0xCA,"0xFC,0x7F",0xB8
3430679,,0x55,0x0D,"0x00,0x00",0xF2
3440695,,0x55,0xC1,"0x00,0x10,0x00,0xFF",0x2E
3450680,,0x55,0xB1,"0x0C,0x00",0x42
3460702,,0x55,0xC4,,0x00
3480710,,0x55,0x6A,"0x24,0xA0,0x00,0x00,0x00,0xFF,0xFF,0xFF",0xD0
3490679,,0x55,0xE9,,0x00
3500695,,0x55,0x61,"0x20,0x44,0xFF,0xFF,0xFF,0xFF,0xFF,0xFF",0x3A
3510679,,0x55,0xCF,"0x0C,0xFE",0x25
3515703,,0x55,0x8E,"0x60,0x7F",0x91
3520687,,0x55,0xDD,"0x00,0xFC",0x25
3525708,,0x55,0x1F,"0x7E,0xC9,0x00,0x0C,0x00,0xC0,0xFF,0xFF",0xCB
3535733,,0x55,0x80,"0x80,0xFF",0xFE
3540725,,0x55,0x32,"0xC9,0x00",0x04
3545700,,0x55,0x9C,"0x00,0x00,0x2B,0x10,0xE0,0xFF,0x3F,0x35",0xD2
3555687,,0x55,0x1F,"0x7E,0xC9,0x00,0x0C,0x00,0xC0,0xFF,0xFF",0xCB
3565718,,0x55,0x42,"0x00,0xFF",0xBD
3570692,,0x55,0xCA,"0xFC,0x7F",0xB8
3580687,,0x55,0x0D,"0x00,0x00",0xF2
3590687,,0x55,0xC1,"0x00,0x10,0x00,0xFF",0x2E
3600710,,0x55,0xB1,"0x0C,0x00",0x42
3610677,,0x55,0xC4,,0x00
3630680,,0x55,0x6A,"0x24,0xA0,0x00,0x00,0x00,0xFF,0xFF,0xFF",0xD0
3640692,,0x55,0xE9,,0xFF
3645695,,0x55,0xAD,,0x00
3660679,,0x55,0xCF,"0x0C,0xFE",0x25
3665710,,0x55,0x8E,"0x60,0x7F",0x91
3670679,,0x55,0xDD,"0x00,0xFC",0x25
3675695,,0x55,0x1F,"0x7E,0xC9,0x00,0x0C,0x00,0xC0,0xFF,0xFF",0xCB
3685730,,0x55,0x80,"0x80,0xFF",0xFE
3690676,,0x55,0x32,"0xC9,0x00",0x04
3695699,,0x55,0x9C,"0x00,0x00,0x2B,0x10,0xE0,0xFF,0x3F,0x35",0xD2
3705733,,0x55,0x1F,"0x7E,0xC9,0x00,0x0C,0x00,0xC0,0xFF,0xFF",0xCB
3715707,,0x55,0x42,"0x00,0xFF",0xBD
3720703,,0x55,0xCA,"0xFC,0x7F",0xB8
3730676,,0x55,0x0D,"0x00,0x00",0xF2
3740680,,0x55,0xC1,"0x00,0x10,0x00,0xFF",0x2E
3750687,,0x55,0xB1,"0x0C,0x00",0x42
3760707,,0x55,0xC4,,0x00
3780703,,0x55,0x6A,"0x24,0xA0,0x00,0x00,0x00,0xFF,0xFF,0xFF",0xD0
3790687,,0x55,0xE9,,0x00
3800695,,0x55,0x61,"0x20,0x44,0xFF,0xFF,0xFF,0xFF,0xFF,0xFF",0x3A
3810680,,0x55,0xCF,"0x0C,0xFE",0x25
3815726,,0x55,0x8E,"0x60,0x7F",0x91
3820687,,0x55,0xDD,"0x00,0xFC",0x25
3825700,,0x55,0x1F,"0x7E,0xC9,0x00,0x0C,0x00,0xC0,0xFF,0xFF",0xCB
3835737,,0x55,0x80,"0x80,0xFF",0xFE
3840708,,0x55,0x32,"0xC9,0x00",0x04
3845715,,0x55,0x9C,"0x00,0x00,0x2B,0x10,0xE0,0xFF,0x3F,0x35",0xD2
3855710,,0x55,0x1F,"0x7E,0xC9,0x00,0x0C,0x00,0xC0,0xFF,0xFF",0xCB
3865702,,0x55,0x42,"0x00,0xFF",0xBD
3870680,,0x55,0xCA,"0xFC,0x7F",0xB8
3880702,,0x55,0x0D,"0x00,0x00",0xF2
3890680,,0x55,0xC1,"0x00,0x10,0x00,0xFF",0x2E
3900718,,0x55,0xB1,"0x0C,0x00",0x42
3910672,,0x55,0xC4,,0x00
3930680,,0x55,0x6A,"0x24,0xA0,0x00,0x00,0x00,0xFF,0xFF,0xFF",0xD0
3940695,,0x55,0xE9,,0x00
3950695,,0x55,0x61,"0x20,0x44,0xFF,0xFF,0xFF,0xFF,0xFF,0xFF",0x3A
3960718,,0x55,0xCF,"0x0C,0xFE",0x25
3965684,,0x55,0x8E,"0x60,0x7F",0x91
3970692,,0x55,0xDD,"0x00,0xFC",0x25
3975687,,0x55,0x1F,"0x7E,0xC9,0x00,0x0C,0x00,0xC0,0xFF,0xFF",0xCB
3985687,,0x55,0x80,"0x80,0xFF",0xFE
3990710,,0x55,0x32,"0xC9,0x00",0x04
3995731,,0x55,0x9C,"0x00,0x00,0x2B,0x10,0xE0,0xFF,0x3F,0x35",0xD2
4005717,,0x55,0x1F,"0x7E,0xC9,0x00,0x0C,0x00,0xC0,0xFF,0xFF",0xCB
4015700,,0x55,0x42,"0x00,0xFF",0xBD
4020700,,0x55,0xCA,"0xFC,0x7F",0xB8
4030672,,0x55,0x0D,"0x00,0x00",0xF2
4040699,,0x55,0xC1,"0x00,0x10,0x00,0xFF",0x2E
4050676,,0x55,0xB1,"0x0C,0x00",0x42
4060672,,0x55,0xC4,,0x00
4080680,,0x55,0x6A,"0x24,0xA0,0x00,0x00,0x00,0xFF,0xFF,0xFF",0xD0
4090680,,0x55,0xE9,,0xFF
4095726,,0x55,0xAD,,0x00
4110680,,0x55,0xCF,"0x0C,0xFE",0x25
4115722,,0x55,0x8E,"0x60,0x7F",0x91
4120703,,0x55,0xDD,"0x00,0xFC",0x25
4125700,,0x55,0x1F,"0x7E,0xC9,0x00,0x0C,0x00,0xC0,0xFF,0xFF",0xCB
4135703,,0x55,0x80,"0x80,0xFF",0xFE
4140680,,0x55,0x32,"0xC9,0x00",0x04
4145725,,0x55,0x9C,"0x00,0x00,0x2B,0x10,0xE0,0xFF,0x3F,0x35",0xD2
4155703,,0x55,0x1F,"0x7E,0xC9,0x00,0x0C,0x00,0xC0,0xFF,0xFF",0xCB
4165687,,0x55,0x42,"0x00,0xFF",0xBD
4170692,,0x55,0xCA,"0xFC,0x7F",0xB8
4180702,,0x55,0x0D,"0x00,0x00",0xF2
4190687,,0x55,0xC1,"0x00,0x10,0x00,0xFF",0x2E
4200710,,0x55,0xB1,"0x0C,0x00",0x42
4210672,,0x55,0xC4,,0xFF
4220703,,0x55,0x1F,"0x7E,0xC9,0x00,0x0C,0x00,0xC0,0xFF,0xFF",0xCB
4230679,,0x55,0x6A,"0x24,0xA0,0x00,0x00,0x00,0xFF,0xFF,0xFF",0xD0
4240702,,0x55,0xE9,,0x00
4250680,,0x55,0x61,"0x20,0x44,0xFF,0xFF,0xFF,0xFF,0xFF,0xFF",0x3A
4260672,,0x55,0xCF,"0x0C,0xFE",0x25
4265715,,0x55,0x8E,"0x60,0x7F",0x91
4270677,,0x55,0xDD,"0x00,0xFC",0x25
4275692,,0x55,0x1F,"0x7E,0xC9,0x00,0x0C,0x00,0xC0,0xFF,0xFF",0xCB
4285702,,0x55,0x80,"0x80,0xFF",0xFE
4290676,,0x55,0x32,"0xC9,0x00",0x04
4295684,,0x55,0x9C,"0x00,0x00,0x2B,0x10,0xE0,0xFF,0x3F,0x35",0xD2
4305691,,0x55,0x1F,"0x7E,0xC9,0x00,0x0C,0x00,0xC0,0xFF,0xFF",0xCB
4315748,,0x55,0x42,"0x00,0xFF",0xBD
4320702,,0x55,0xCA,"0xFC,0x7F",0xB8
4330672,,0x55,0x0D,"0x00,0x00",0xF2
4340702,,0x55,0xC1,"0x00,0x10,0x00,0xFF",0x2E
4350684,,0x55,0xB1,"0x0C,0x00",0x42
4360710,,0x55,0xC4,,0x00
4380695,,0x55,0x6A,"0x24,0xA0,0x00,0x00,0x00,0xFF,0xFF,0xFF",0xD0
4390687,,0x55,0xE9,,0x00
4400687,,0x55,0x61,"0x20,0x44,0xFF,0xFF,0xFF,0xFF,0xFF,0xFF",0x3A
4410672,,0x55,0xCF,"0x0C,0xFE",0x25
4415695,,0x55,0x8E,"0x60,0x7F",0x91
4420700,,0x55,0xDD,"0x00,0xFC",0x25
4425699,,0x55,0x1F,"0x7E,0xC9,0x00,0x0C,0x00,0xC0,0xFF,0xFF",0xCB
4435695,,0x55,0x80,"0x80,0xFF",0xFE
4440702,,0x55,0x32,"0xC9,0x00",0x04
4445726,,0x55,0x9C,"0x00,0x00,0x2B,0x10,0xE0,0xFF,0x3F,0x35",0xD2
4455710,,0x55,0x1F,"0x7E,0xC9,0x00,0x0C,0x00,0xC0,0xFF,0xFF",0xCB
4465717,,0x55,0x42,"0x00,0xFF",0xBD
4470672,,0x55,0xCA,"0xFC,0x7F",0xB8
4480672,,0x55,0x0D,"0x00,0x00",0xF2
4490672,,0x55,0xC1,"0x00,0x10,0x00,0xFF",0x2E
4500684,,0x55,0xB1,"0x0C,0x00",0x42
4510672,,0x55,0xC4,,0xFF
4520703,,0x55,0x1F,"0x7E,0xC9,0x00,0x0C,0x00,0xC0,0xFF,0xFF",0xCB
4530679,,0x55,0x6A,"0x24,0xA0,0x00,0x00,0x00,0xFF,0xFF,0xFF",0xD0
4540691,,0x55,0xE9,,0xFF
4545710,,0x55,0xAD,,0x00
4560710,,0x55,0xCF,"0x0C,0xFE",0x25
4565718,,0x55,0x8E,"0x60,0x7F",0x91
4570687,,0x55,0xDD,"0x00,0xFC",0x25
4575687,,0x55,0x1F,"0x7E,0xC9,0x00,0x0C,0x00,0xC0,0xFF,0xFF",0xCB
4585684,,0x55,0x80,"0x80,0xFF",0xFE
4590687,,0x55,0x32,"0xC9,0x00",0x04
4595684,,0x55,0x9C,"0x00,0x00,0x2B,0x10,0xE0,0xFF,0x3F,0x35",0xD2
4605695,,0x55,0x1F,"0x7E,0xC9,0x00,0x0C,0x00,0xC0,0xFF,0xFF",0xCB
4615733,,0x55,0x42,"0x00,0xFF",0xBD
4620695,,0x55,0xCA,"0xFC,0x7F",0xB8
4630672,,0x55,0x0D,"0x00,0x00",0xF2
4640687,,0x55,0xC1,"0x00,0x10,0x00,0xFF",0x2E
4650672,,0x55,0xB1,"0x0C,0x00",0x42
4660695,,0x55,0xC4,,0x00
4680695,,0x55,0x6A,"0x24,0xA0,0x00,0x00,0x00,0xFF,0xFF,0xFF",0xD0
4690671,,0x55,0xE9,,0x00
4700715,,0x55,0x61,"0x20,0x44,0xFF,0xFF,0xFF,0xFF,0xFF,0xFF",0x3A
4710671,,0x55,0xCF,"0x0C,0xFE",0x25
4715710,,0x55,0x8E,"0x60,0x7F",0x91
4720699,,0x55,0xDD,"0x00,0xFC",0x25
4725695,,0x55,0x1F,"0x7E,0xC9,0x00,0x0C,0x00,0xC0,0xFF,0xFF",0xCB
4735733,,0x55,0x80,"0x80,0xFF",0xFE
4740695,,0x55,0x32,"0xC9,0x00",0x04
4745695,,0x55,0x9C,"0x00,0x00,0x2B,0x10,0xE0,0xFF,0x3F,0x35",0xD2
4755710,,0x55,0x1F,"0x7E,0xC9,0x00,0x0C,0x00,0xC0,0xFF,0xFF",0xCB
4765733,,0x55,0x42,"0x00,0xFF",0xBD
4770702,,0x55,0xCA,"0xFC,0x7F",0xB8
4780710,,0x55,0x0D,"0x00,0x00",0xF2
4790680,,0x55,0xC1,"0x00,0x10,0x00,0xFF",0x2E
4800684,,0x55,0xB1,"0x0C,0x00",0x42
4810669,,0x55,0xC4,,0xFF
4820695,,0x55,0x1F,"0x7E,0xC9,0x00,0x0C,0x00,0xC0,0xFF,0xFF",0xCB
4830672,,0x55,0x6A,"0x24,0xA0,0x00,0x00,0x00,0xFF,0xFF,0xFF",0xD0
4840695,,0x55,0xE9,,0x00
4850676,,0x55,0x61,"0x20,0x44,0xFF,0xFF,0xFF,0xFF,0xFF,0xFF",0x3A
4860695,,0x55,0xCF,"0x0C,0xFE",0x25
4865687,,0x55,0x8E,"0x60,0x7F",0x91
4870669,,0x55,0xDD,"0x00,0xFC",0x25
4875718,,0x55,0x1F,"0x7E,0xC9,0x00,0x0C,0x00,0xC0,0xFF,0xFF",0xCB
4885695,,0x55,0x80,"0x80,0xFF",0xFE
4890672,,0x55,0x32,"0xC9,0x00",0x04
4895718,,0x55,0x9C,"0x00,0x00,0x2B,0x10,0xE0,0xFF,0x3F,0x35",0xD2
4905700,,0x55,0x1F,"0x7E,0xC9,0x00,0x0C,0x00,0xC0,0xFF,0xFF",0xCB
4915741,,0x55,0x42,"0x00,0xFF",0xBD
4920695,,0x55,0xCA,"0xFC,0x7F",0xB8
4930669,,0x55,0x0D,"0x00,0x00",0xF2
4940669,,0x55,0xC1,"0x00,0x10,0x00,0xFF",0x2E
4950680,,0x55,0xB1,"0x0C,0x00",0x42
4960687,,0x55,0xC4,,0x00
4980710,,0x55,0x6A,"0x24,0xA0,0x00,0x00,0x00,0xFF,0xFF,0xFF",0xD0
4990680,,0x55,0xE9,,0xFF
4995710,,0x55,0xAD,,0x00
5010672,,0x55,0xCF,"0x0C,0xFE",0x25
5015717,,0x55,0x8E,"0x60,0x7F",0x91
5020695,,0x55,0xDD,"0x00,0xFC",0x25
5025695,,0x55,0x1F,"0x7E,0xC9,0x00,0x0C,0x00,0xC0,0xFF,0xFF",0xCB
5035718,,0x55,0x80,"0x80,0xFF",0xFE
5040695,,0x55,0x32,"0xC9,0x00",0x04
5045707,,0x55,0x9C,"0x00,0x00,0x2B,0x10,0xE0,0xFF,0x3F,0x35",0xD2
5055707,,0x55,0x1F,"0x7E,0xC9,0x00,0x0C,0x00,0xC0,0xFF,0xFF",0xCB
5065730,,0x55,0x42,"0x00,0xFF",0xBD
5070688,,0x55,0xCA,"0xFC,0x7F",0xB8
5080695,,0x55,0x0D,"0x00,0x00",0xF2
5090672,,0x55,0xC1,"0x00,0x10,0x00,0xFF",0x2E
5100710,,0x55,0xB1,"0x0C,0x00",0x42
5110664,,0x55,0xC4,,0x00
5130672,,0x55,0x6A,"0x24,0xA0,0x00,0x00,0x00,0xFF,0xFF,0xFF",0xD0
5140695,,0x55,0xE9,,0x00
5150687,,0x55,0x61,"0x20,0x44,0xFF,0xFF,0xFF,0xFF,0xFF,0xFF",0x3A
5160710,,0x55,0xCF,"0x0C,0xFE",0x25
5165676,,0x55,0x8E,"0x60,0x7F",0x91
5170684,,0x55,0xDD,"0x00,0xFC",0x25
5175679,,0x55,0x1F,"0x7E,0xC9,0x00,0x0C,0x00,0xC0,0xFF,0xFF",0xCB
5185700,,0x55,0x80,"0x80,0xFF",0xFE
5190679,,0x55,0x32,"0xC9,0x00",0x04
5195680,,0x55,0x9C,"0x00,0x00,0x2B,0x10,0xE0,0xFF,0x3F,0x35",0xD2
5205687,,0x55,0x1F,"0x7E,0xC9,0x00,0x0C,0x00,0xC0,0xFF,0xFF",0xCB
5215779,,0x55,0x42,"0x00,0xFF",0xBD
5220679,,0x55,0xCA,"0xFC,0x7F",0xB8
5230664,,0x55,0x0D,"0x00,0x00",0xF2
5240687,,0x55,0xC1,"0x00,0x10,0x00,0xFF",0x2E
5250669,,0x55,0xB1,"0x0C,0x00",0x42
5260677,,0x55,0xC4,,0x00
5280703,,0x55,0x6A,"0x24,0xA0,0x00,0x00,0x00,0xFF,0xFF,0xFF",0xD0
5290687,,0x55,0xE9,,0x00
5300726,,0x55,0x61,"0x20,0x44,0xFF,0xFF,0xFF,0xFF,0xFF,0xFF",0x3A
5310672,,0x55,0xCF,"0x0C,0xFE",0x25
5315738,,0x55,0x8E,"0x60,0x7F",0x91
5320719,,0x55,0xDD,"0x00,0xFC",0x25
5325710,,0x55,0x1F,"0x7E,0xC9,0x00,0x0C,0x00,0xC0,0xFF,0xFF",0xCB
5335738,,0x55,0x80,"0x80,0xFF",0xFE
5340715,,0x55,0x32,"0xC9,0x00",0x04
5345688,,0x55,0x9C,"0x00,0x00,0x2B,0x10,0xE0,0xFF,0x3F,0x35",0xD2
5355702,,0x55,0x1F,"0x7E,0xC9,0x00,0x0C,0x00,0xC0,0xFF,0xFF",0xCB
5365707,,0x55,0x42,"0x00,0xFF",0xBD
5370680,,0x55,0xCA,"0xFC,0x7F",0xB8
5380695,,0x55,0x0D,"0x00,0x00",0xF2
5390679,,0x55,0xC1,"0x00,0x10,0x00,0xFF",0x2E
5400687,,0x55,0xB1,"0x0C,0x00",0x42
5410664,,0x55,0xC4,,0x00
5430671,,0x55,0x6A,"0x24,0xA0,0x00,0x00,0x00,0xFF,0xFF,0xFF",0xD0
5440692,,0x55,0xE9,,0x00
5450672,,0x55,0x61,"0x20,0x44,0xFF,0xFF,0xFF,0xFF,0xFF,0xFF",0x3A
5460672,,0x55,0xCF,"0x0C,0xFE",0x25
5465707,,0x55,0x8E,"0x60,0x7F",0x91
5470669,,0x55,0xDD,"0x00,0xFC",0x25
5475715,,0x55,0x1F,"0x7E,0xC9,0x00,0x0C,0x00,0xC0,0xFF,0xFF",0xCB
5485687,,0x55,0x80,"0x80,0xFF",0xFE
5490669,,0x55,0x32,"0xC9,0x00",0x04
5495715,,0x55,0x9C,"0x00,0x00,0x2B,0x10,0xE0,0xFF,0x3F,0x35",0xD2
5505702,,0x55,0x1F,"0x7E,0xC9,0x00,0x0C,0x00,0xC0,0xFF,0xFF",0xCB
5515718,,0x55,0x42,"0x00,0xFF",0xBD
5520699,,0x55,0xCA,"0xFC,0x7F",0xB8
5530664,,0x55,0x0D,"0x00,0x00",0xF2
5540695,,0x55,0xC1,"0x00,0x10,0x00,0xFF",0x2E
5550677,,0x55,0xB1,"0x0C,0x00",0x42
5560703,,0x55,0xC4,,0x00
5580687,,0x55,0x6A,"0x24,0xA0,0x00,0x00,0x00,0xFF,0xFF,0xFF",0xD0
5590679,,0x55,0xE9,,0x00
5600687,,0x55,0x61,"0x20,0x44,0xFF,0xFF,0xFF,0xFF,0xFF,0xFF",0x3A
5610664,,0x55,0xCF,"0x0C,0xFE",0x25
5615717,,0x55,0x8E,"0x60,0x7F",0x91
5620687,,0x55,0xDD,"0x00,0xFC",0x25
5625679,,0x55,0x1F,"0x7E,0xC9,0x00,0x0C,0x00,0xC0,0xFF,0xFF",0xCB
5635710,,0x55,0x80,"0x80,0xFF",0xFE
5640664,,0x55,0x32,"0xC9,0x00",0x04
5645702,,0x55,0x9C,"0x00,0x00,0x2B,0x10,0xE0,0xFF,0x3F,0x35",0xD2
5655687,,0x55,0x1F,"0x7E,0xC9,0x00,0x0C,0x00,0xC0,0xFF,0xFF",0xCB
5665733,,0x55,0x42,"0x00,0xFF",0xBD
5670672,,0x55,0xCA,"0xFC,0x7F",0xB8
5680687,,0x55,0x0D,"0x00,0x00",0xF2
5690664,,0x55,0xC1,"0x00,0x10,0x00,0xFF",0x2E
5700695,,0x55,0xB1,"0x0C,0x00",0x42
5710664,,0x55,0xC4,,0x00
5730672,,0x55,0x6A,"0x24,0xA0,0x00,0x00,0x00,0xFF,0xFF,0xFF",0xD0
5740695,,0x55,0xE9,,0x00
5750679,,0x55,0x61,"0x20,0x44,0xFF,0xFF,0xFF,0xFF,0xFF,0xFF",0x3A
5760702,,0x55,0xCF,"0x0C,0xFE",0x25
5765687,,0x55,0x8E,"0x60,0x7F",0x91
5770679,,0x55,0xDD,"0x00,0xFC",0x25
5775702,,0x55,0x1F,"0x7E,0xC9,0x00,0x0C,0x00,0xC0,0xFF,0xFF",0xCB
5785702,,0x55,0x80,"0x80,0xFF",0xFE
5790679,,0x55,0x32,"0xC9,0x00",0x04
5795703,,0x55,0x9C,"0x00,0x00,0x2B,0x10,0xE0,0xFF,0x3F,0x35",0xD2
5805687,,0x55,0x1F,"0x7E,0xC9,0x00,0x0C,0x00,0xC0,0xFF,0xFF",0xCB
5815723,,0x55,0x42,"0x00,0xFF",0xBD
5820687,,0x55,0xCA,"0xFC,0x7F",0xB8
5830664,,0x55,0x0D,"0x00,0x00",0xF2
5840680,,0x55,0xC1,"0x00,0x10,0x00,0xFF",0x2E
5850664,,0x55,0xB1,"0x0C,0x00",0x42
5860695,,0x55,0xC4,,0x00
5880664,,0x55,0x6A,"0x24,0xA0,0x00,0x00,0x00,0xFF,0xFF,0xFF",0xD0
5890672,,0x55,0xE9,,0xFF
5895710,,0x55,0xAD,,0xFF
5900695,,0x55,0x61,"0x20,0x44,0xFF,0xFF,0xFF,0xFF,0xFF,0xFF",0x3A
5910672,,0x55,0xCF,"0x0C,0xFE",0x25
5915715,,0x55,0x8E,"0x60,0x7F",0x91
5920669,,0x55,0xDD,"0x00,0xFC",0x25
5925718,,0x55,0x1F,"0x7E,0xC9,0x00,0x0C,0x00,0xC0,0xFF,0xFF",0xCB
5935741,,0x55,0x80,"0x80,0xFF",0xFE
5940691,,0x55,0x32,"0xC9,0x00",0x04
5945712,,0x55,0x9C,"0x00,0x00,0x2B,0x10,0xE0,0xFF,0x3F,0x35",0xD2
5955672,,0x55,0x1F,"0x7E,0xC9,0x00,0x0C,0x00,0xC0,0xFF,0xFF",0xCB
5965703,,0x55,0x42,"0x00,0xFF",0xBD
5970680,,0x55,0xCA,"0xFC,0x7F",0xB8
5980695,,0x55,0x0D,"0x00,0x00",0xF2
5990672,,0x55,0xC1,"0x00,0x10,0x00,0xFF",0x2E
6000672,,0x55,0xB1,"0x0C,0x00",0x42
6010661,,0x55,0xC4,,0x00
6030664,,0x55,0x6A,"0x24,0xA0,0x00,0x00,0x00,0xFF,0xFF,0xFF",0xD0
6040687,,0x55,0xE9,,0x00
6050687,,0x55,0x61,"0x20,0x44,0xFF,0xFF,0xFF,0xFF,0xFF,0xFF",0x3A
6060664,,0x55,0xCF,"0x0C,0xFE",0x25
6065710,,0x55,0x8E,"0x60,0x7F",0x91
6070680,,0x55,0xDD,"0x00,0xFC",0x25
6075710,,0x55,0x1F,"0x7E,0xC9,0x00,0x0C,0x00,0xC0,0xFF,0xFF",0xCB
6085718,,0x55,0x80,"0x80,0xFF",0xFE
6090687,,0x55,0x32,"0xC9,0x00",0x04
6095715,,0x55,0x9C,"0x00,0x00,0x2B,0x10,0xE0,0xFF,0x3F,0x35",0xD2
6105687,,0x55,0x1F,"0x7E,0xC9,0x00,0x0C,0x00,0xC0,0xFF,0xFF",0xCB
6115733,,0x55,0x42,"0x00,0xFF",0xBD
6120687,,0x55,0xCA,"0xFC,0x7F",0xB8
6130661,,0x55,0x0D,"0x00,0x00",0xF2
6140661,,0x55,0xC1,"0x00,0x10,0x00,0xFF",0x2E
6150672,,0x55,0xB1,"0x0C,0x00",0x42
6160684,,0x55,0xC4,,0x00
6180702,,0x55,0x6A,"0x24,0xA0,0x00,0x00,0x00,0xFF,0xFF,0xFF",0xD0
6190692,,0x55,0xE9,,0x00
6200702,,0x55,0x61,"0x20,0x44,0xFF,0xFF,0xFF,0xFF,0xFF,0xFF",0x3A
6210664,,0x55,0xCF,"0x0C,0xFE",0x25
6215710,,0x55,0x8E,"0x60,0x7F",0x91
6220664,,0x55,0xDD,"0x00,0xFC",0x25
6225687,,0x55,0x1F,"0x7E,0xC9,0x00,0x0C,0x00,0xC0,0xFF,0xFF",0xCB
6235710,,0x55,0x80,"0x80,0xFF",0xFE
6240664,,0x55,0x32,"0xC9,0x00",0x04
6245710,,0x55,0x9C,"0x00,0x00,0x2B,0x10,0xE0,0xFF,0x3F,0x35",0xD2
6255725,,0x55,0x1F,"0x7E,0xC9,0x00,0x0C,0x00,0xC0,0xFF,0xFF",0xCB
6265726,,0x55,0x42,"0x00,0xFF",0xBD
6270664,,0x55,0xCA,"0xFC,0x7F",0xB8
6280657,,0x55,0x0D,"0x00,0x00",0xF2
6290664,,0x55,0xC1,"0x00,0x10,0x00,0xFF",0x2E
6300672,,0x55,0xB1,"0x0C,0x00",0x42
6310657,,0x55,0xC4,,0x00
6330664,,0x55,0x6A,"0x24,0xA0,0x00,0x00,0x00,0xFF,0xFF,0xFF",0xD0
6340661,,0x55,0xE9,,0xFF
6345687,,0x55,0xAD,,0xFF
6350679,,0x55,0x61,"0x20,0x44,0xFF,0xFF,0xFF,0xFF,0xFF,0xFF",0x3A
6360672,,0x55,0xCF,"0x0C,0xFE",0x25
6365703,,0x55,0x8E,"0x60,0x7F",0x91
6370672,,0x55,0xDD,"0x00,0xFC",0x25
6375672,,0x55,0x1F,"0x7E,0xC9,0x00,0x0C,0x00,0xC0,0xFF,0xFF",0xCB
6385687,,0x55,0x80,"0x88,0xFF",0xF6
6390672,,0x55,0x32,"0xC9,0x00",0x04
6395672,,0x55,0x9C,"0x00,0x00,0x2B,0x10,0xE0,0xFF,0x3F,0x35",0xD2
6405702,,0x55,0x1F,"0x7E,0xC9,0x00,0x0C,0x00,0xC0,0xFF,0xFF",0xCB
6415733,,0x55,0x42,"0x00,0xFF",0xBD
6420661,,0x55,0xCA,"0xFC,0x7F",0xB8
6430661,,0x55,0x0D,"0x00,0x00",0xF2
6440657,,0x55,0xC1,"0x00,0x10,0x00,0xFF",0x2E
6450662,,0x55,0xB1,"0x0C,0x00",0x42
6460657,,0x55,0xC4,,0x00
6480664,,0x55,0x6A,"0x24,0xA0,0x00,0x00,0x00,0xFF,0xFF,0xFF",0xD0
6490661,,0x55,0xE9,,0xFF
6495710,,0x55,0xAD,,0xFF
6500680,,0x55,0x61,"0x20,0x44,0xFF,0xFF,0xFF,0xFF,0xFF,0xFF",0x3A
6510662,,0x55,0xCF,"0x0C,0xFE",0x25
6515715,,0x55,0x8E,"0x60,0x7F",0x91
6520695,,0x55,0xDD,"0x00,0xFC",0x25
6525685,,0x55,0x1F,"0x7E,0xC9,0x00,0x0C,0x00,0xC0,0xFF,0xFF",0xCB
6535710,,0x55,0x80,"0x80,0xFF",0xFE
6540687,,0x55,0x32,"0xC9,0x00",0x04
6545695,,0x55,0x9C,"0x00,0x00,0x2B,0x10,0xE0,0xFF,0x3F,0x35",0xD2
6555733,,0x55,0x1F,"0x7E,0xC9,0x00,0x0C,0x00,0xC0,0xFF,0xFF",0xCB
6565718,,0x55,0x42,"0x00,0xFF",0xBD
6570672,,0x55,0xCA,"0xFC,0x7F",0xB8
6580672,,0x55,0x0D,"0x00,0x00",0xF2
6590672,,0x55,0xC1,"0x00,0x10,0x00,0xFF",0x2E
6600672,,0x55,0xB1,"0x0C,0x00",0x42
6610656,,0x55,0xC4,,0xFF
6620657,,0x55,0x1F,"0x7E,0xC9,0x00,0x0C,0x00,0xC0,0xFF,0xFF",0xCB
6630680,,0x55,0x6A,"0x24,0xA0,0x00,0x00,0x00,0xFF,0xFF,0xFF",0xD0
6640677,,0x55,0xE9,,0x00
6650695,,0x55,0x61,"0x20,0x44,0xFF,0xFF,0xFF,0xFF,0xFF,0xFF",0x3A
6660657,,0x55,0xCF,"0x0C,0xFE",0x25
6665700,,0x55,0x8E,"0x60,0x7F",0x91
6670658,,0x55,0xDD,"0x00,0xFC",0x25
6675710,,0x55,0x1F,"0x7E,0xC9,0x00,0x0C,0x00,0xC0,0xFF,0xFF",0xCB
6685703,,0x55,0x80,"0x80,0xFF",0xFE
6690661,,0x55,0x32,"0x89,0x00",0x44
6695680,,0x55,0x9C,"0x00,0x00,0x2B,0x10,0xE0,0xFF,0x3F,0x35",0xD2
6705702,,0x55,0x1F,"0x7E,0xC9,0x00,0x0C,0x00,0xC0,0xFF,0xFF",0xCB
6715748,,0x55,0x42,"0x00,0xFF",0xBD
6720680,,0x55,0xCA,"0xFC,0x7F",0xB8
6730657,,0x55,0x0D,"0x00,0x00",0xF2
6740656,,0x55,0xC1,"0x00,0x10,0x00,0xFF",0x2E
6750687,,0x55,0xB1,"0x0C,0x00",0x42
6760687,,0x55,0xC4,,0x00
6780679,,0x55,0x6A,"0x24,0xA0,0x00,0x00,0x00,0xFF,0xFF,0xFF",0xD0
6790687,,0x55,0xE9,,0xFF
6795672,,0x55,0xAD,,0x00
6810680,,0x55,0xCF,"0x0C,0xFE",0x25
6815680,,0x55,0x8E,"0x60,0x7F",0x91
6820672,,0x55,0xDD,"0x00,0xFC",0x25
6825684,,0x55,0x1F,"0x7E,0xC9,0x00,0x0C,0x00,0xC0,0xFF,0xFF",0xCB
6835679,,0x55,0x80,"0x80,0xFF",0xFE
6840680,,0x55,0x32,"0x89,0x00",0x44
6845692,,0x55,0x9C,"0x00,0x00,0x2B,0x10,0xE0,0xFF,0x3F,0x35",0xD2
6855680,,0x55,0x1F,"0x7E,0xC9,0x00,0x0C,0x00,0xC0,0xFF,0xFF",0xCB
6865756,,0x55,0x42,"0x00,0xFF",0xBD
6870680,,0x55,0xCA,"0xFC,0x7F",0xB8
6880672,,0x55,0x0D,"0x00,0x00",0xF2
6890672,,0x55,0xC1,"0x00,0x10,0x00,0xFF",0x2E
6900669,,0x55,0xB1,"0x0C,0x00",0x42
6910656,,0x55,0xC4,,0xFF
6920657,,0x55,0x1F,"0x7E,0xC9,0x00,0x0C,0x00,0xC0,0xFF,0xFF",0xCB
6930661,,0x55,0x6A,"0x24,0xA0,0x00,0x00,0x00,0xFF,0xFF,0xFF",0xD0
6940657,,0x55,0xE9,,0x00
6950672,,0x55,0x61,"0x20,0x44,0xFF,0xFF,0xFF,0xFF,0xFF,0xFF",0x3A
6960672,,0x55,0xCF,"0x0C,0xFE",0x25
6965692,,0x55,0x8E,"0x60,0x7F",0x91
6970672,,0x55,0xDD,"0x00,0xFC",0x25
6975695,,0x55,0x1F,"0x7E,0xC9,0x00,0x0C,0x00,0xC0,0xFF,0xFF",0xCB
6985680,,0x55,0x80,"0x80,0xFF",0xFE
6990672,,0x55,0x32,"0x89,0x00",0x44
6995694,,0x55,0x9C,"0x00,0x00,0x2B,0x10,0xE0,0xFF,0x3F,0x35",0xD2
7005680,,0x55,0x1F,"0x7E,0xC9,0x00,0x0C,0x00,0xC0,0xFF,0xFF",0xCB
7015711,,0x55,0x42,"0x00,0xFF",0xBD
7020733,,0x55,0xCA,"0xFC,0x7F",0xB8
7030672,,0x55,0x0D,"0x00,0x00",0xF2
7040672,,0x55,0xC1,"0x00,0x10,0x00,0xFF",0x2E
7050657,,0x55,0xB1,"0x0C,0x00",0x42
7060672,,0x55,0xC4,,0x00
7080676,,0x55,0x6A,"0x24,0xA0,0x00,0x00,0x00,0xFF,0xFF,0xFF",0xD0
7090657,,0x55,0xE9,,0x00
7100687,,0x55,0x61,"0x20,0x44,0xFF,0xFF,0xFF,0xFF,0xFF,0xFF",0x3A
7110657,,0x55,0xCF,"0x0C,0xFE",0x25
7115707,,0x55,0x8E,"0x60,0x7F",0x91
7120681,,0x55,0xDD,"0x00,0xFC",0x25
7125680,,0x55,0x1F,"0x7E,0xC9,0x00,0x0C,0x00,0xC0,0xFF,0xFF",0xCB
7135710,,0x55,0x80,"0x80,0xFF",0xFE
7140684,,0x55,0x32,"0x89,0x00",0x44
7145693,,0x55,0x9C,"0x00,0x00,0x2B,0x10,0xE0,0xFF,0x3F,0x35",0xD2
7155695,,0x55,0x1F,"0x7E,0xC9,0x00,0x0C,0x00,0xC0,0xFF,0xFF",0xCB
7165669,,0x55,0x42,"0x00,0xFF",0xBD
7170687,,0x55,0xCA,"0xFC,0x7F",0xB8
7180703,,0x55,0x0D,"0x00,0x00",0xF2
7190669,,0x55,0xC1,"0x00,0x10,0x00,0xFF",0x2E
7200695,,0x55,0xB1,"0x0C,0x00",0x42
7210654,,0x55,0xC4,,0x00
7230657,,0x55,0x6A,"0x24,0xA0,0x00,0x00,0x00,0xFF,0xFF,0xFF",0xD0
7240680,,0x55,0xE9,,0x00
7250664,,0x55,0x61,"0x20,0x44,0xFF,0xFF,0xFF,0xFF,0xFF,0xFF",0x3A
7260672,,0x55,0xCF,"0x0C,0xFE",0x25
7265680,,0x55,0x8E,"0x60,0x7F",0x91
7270656,,0x55,0xDD,"0x00,0xFC",0x25
7275703,,0x55,0x1F,"0x7E,0xC9,0x00,0x0C,0x00,0xC0,0xFF,0xFF",0xCB
7285702,,0x55,0x80,"0x80,0xFF",0xFE
7290657,,0x55,0x32,"0x89,0x00",0x44
7295702,,0x55,0x9C,"0x00,0x00,0x2B,0x10,0xE0,0xFF,0x3F,0x35",0xD2
7305679,,0x55,0x1F,"0x7E,0xC9,0x00,0x0C,0x00,0xC0,0xFF,0xFF",0xCB
7315710,,0x55,0x42,"0x00,0xFF",0xBD
7320702,,0x55,0xCA,"0xFC,0x7F",0xB8
7330718,,0x55,0x0D,"0x00,0x00",0xF2
7340702,,0x55,0xC1,"0x00,0x10,0x00,0xFF",0x2E
7350664,,0x55,0xB1,"0x0C,0x00",0x42
7360692,,0x55,0xC4,,0x00
7380695,,0x55,0x6A,"0x24,0xA0,0x00,0x00,0x00,0xFF,0xFF,0xFF",0xD0
7390664,,0x55,0xE9,,0x00
7400692,,0x55,0x61,"0x20,0x44,0xFF,0xFF,0xFF,0xFF,0xFF,0xFF",0x3A
7410656,,0x55,0xCF,"0x0C,0xFE",0x25
7415702,,0x55,0x8E,"0x60,0x7F",0x91
7420676,,0x55,0xDD,"0x00,0xFC",0x25
7425681,,0x55,0x1F,"0x7E,0xC9,0x00,0x0C,0x00,0xC0,0xFF,0xFF",0xCB
7435703,,0x55,0x80,"0x80,0xFF",0xFE
7440685,,0x55,0x32,"0x89,0x00",0x44
7445704,,0x55,0x9C,"0x00,0x00,0x2B,0x10,0xE0,0xFF,0x3F,0x35",0xD2
7455702,,0x55,0x1F,"0x7E,0xC9,0x00,0x0C,0x00,0xC0,0xFF,0xFF",0xCB
7465680,,0x55,0x42,"0x00,0xFF",0xBD
7470654,,0x55,0xCA,"0xFC,0x7F",0xB8
7480695,,0x55,0x0D,"0x00,0x00",0xF2
7490654,,0x55,0xC1,"0x00,0x10,0x00,0xFF",0x2E
7500692,,0x55,0xB1,"0x0C,0x00",0x42
7510649,,0x55,0xC4,,0x00
7530657,,0x55,0x6A,"0x24,0xA0,0x00,0x00,0x00,0xFF,0xFF,0xFF",0xD0
7540680,,0x55,0xE9,,0xFF
7545677,,0x55,0xAD,,0xFF
7550672,,0x55,0x61,"0x20,0x44,0xFF,0xFF,0xFF,0xFF,0xFF,0xFF",0x3A
7560694,,0x55,0xCF,"0x0C,0xFE",0x25
7565687,,0x55,0x8E,"0x60,0x7F",0x91
7570669,,0x55,0xDD,"0x00,0xFC",0x25
7575703,,0x55,0x1F,"0x7E,0xC9,0x00,0x0C,0x00,0xC0,0xFF,0xFF",0xCB
7585695,,0x55,0x80,"0x80,0xFF",0xFE
7590672,,0x55,0x32,"0x89,0x00",0x44
7595668,,0x55,0x9C,"0x00,0x00,0x2B,0x10,0xE0,0xFF,0x3F,0x35",0xD2
7605672,,0x55,0x1F,"0x7E,0xC9,0x00,0x0C,0x00,0xC0,0xFF,0xFF",0xCB
7615710,,0x55,0x42,"0x00,0xFF",0xBD
7620679,,0x55,0xCA,"0xFC,0x7F",0xB8
7630664,,0x55,0x0D,"0x00,0x00",0xF2
7640756,,0x55,0xC1,"0x00,0x10,0x00,0xFF",0x2E
7650657,,0x55,0xB1,"0x0C,0x00",0x42
7660680,,0x55,0xC4,,0x00
7680680,,0x55,0x6A,"0x24,0xA0,0x00,0x00,0x00,0xFF,0xFF,0xFF",0xD0
7690657,,0x55,0xE9,,0x00
7700695,,0x55,0x61,"0x20,0x44,0xFF,0xFF,0xFF,0xFF,0xFF,0xFF",0x3A
7710654,,0x55,0xCF,"0x0C,0xFE",0x25
7715695,,0x55,0x8E,"0x60,0x7F",0x91
7720687,,0x55,0xDD,"0x00,0xFC",0x25
7725672,,0x55,0x1F,"0x7E,0xC9,0x00,0x0C,0x00,0xC0,0xFF,0xFF",0xCB
7735702,,0x55,0x80,"0x80,0xFF",0xFE
7740679,,0x55,0x32,"0x89,0x00",0x44
7745703,,0x55,0x9C,"0x00,0x00,0x2B,0x10,0xE0,0xFF,0x3F,0x35",0xD2
7755687,,0x55,0x1F,"0x7E,0xC9,0x00,0x0C,0x00,0xC0,0xFF,0xFF",0xCB
7765669,,0x55,0x42,"0x00,0xFF",0xBD
7770665,,0x55,0xCA,"0xFC,0x7F",0xB8
7780684,,0x55,0x0D,"0x00,0x00",0xF2
7790679,,0x55,0xC1,"0x00,0x10,0x00,0xFF",0x2E
7800703,,0x55,0xB1,"0x0C,0x00",0x42
7810649,,0x55,0xC4,,0x00
7830656,,0x55,0x6A,"0x24,0xA0,0x00,0x00,0x00,0xFF,0xFF,0xFF",0xD0
7840679,,0x55,0xE9,,0x00
7850680,,0x55,0x61,"0x20,0x44,0xFF,0xFF,0xFF,0xFF,0xFF,0xFF",0x3A
7860649,,0x55,0xCF,"0x0C,0xFE",0x25
7865677,,0x55,0x8E,"0x60,0x7F",0x91
7870650,,0x55,0xDD,"0x00,0xFC",0x25
7875700,,0x55,0x1F,"0x7E,0xC9,0x00,0x0C,0x00,0xC0,0xFF,0xFF",0xCB
7885677,,0x55,0x80,"0x80,0xFF",0xFE
7890653,,0x55,0x32,"0x89,0x00",0x44
7895676,,0x55,0x9C,"0x00,0x00,0x2B,0x10,0xE0,0xFF,0x3F,0x35",0xD2
7905662,,0x55,0x1F,"0x7E,0xC9,0x00,0x0C,0x00,0xC0,0xFF,0xFF",0xCB
7915680,,0x55,0x42,"0x00,0xFF",0xBD
7920680,,0x55,0xCA,"0xFC,0x7F",0xB8
7930649,,0x55,0x0D,"0x00,0x00",0xF2
7940694,,0x55,0xC1,"0x00,0x10,0x00,0xFF",0x2E
7950779,,0x55,0xB1,"0x0C,0x00",0x42
7960741,,0x55,0xC4,,0x00
7980687,,0x55,0x6A,"0x24,0xA0,0x00,0x00,0x00,0xFF,0xFF,0xFF",0xD0
7990664,,0x55,0xE9,,0xFF
7995672,,0x55,0xAD,,0x00
8010657,,0x55,0xCF,"0x0C,0xFE",0x25
8015695,,0x55,0x8E,"0x60,0x7F",0x91
8020679,,0x55,0xDD,"0x00,0xFC",0x25
8025672,,0x55,0x1F,"0x7E,0xC9,0x00,0x0C,0x00,0xC0,0xFF,0xFF",0xCB
8035703,,0x55,0x80,"0x80,0xFF",0xFE
8040680,,0x55,0x32,"0x89,0x00",0x44
8045672,,0x55,0x9C,"0x00,0x00,0x2B,0x10,0xE0,0xFF,0x3F,0x35",0xD2
8055677,,0x55,0x1F,"0x7E,0xC9,0x00,0x0C,0x00,0xC0,0xFF,0xFF",0xCB
8065676,,0x55,0x42,"0x00,0xFF",0xBD
8070649,,0x55,0xCA,"0xFC,0x7F",0xB8
8080672,,0x55,0x0D,"0x00,0x00",0xF2
8090649,,0x55,0xC1,"0x00,0x10,0x00,0xFF",0x2E
8100710,,0x55,0xB1,"0x0C,0x00",0x42
8110649,,0x55,0xC4,,0x00
8130653,,0x55,0x6A,"0x24,0xA0,0x00,0x00,0x00,0xFF,0xFF,0xFF",0xD0
8140679,,0x55,0xE9,,0x00
8150687,,0x55,0x61,"0x20,0x44,0xFF,0xFF,0xFF,0xFF,0xFF,0xFF",0x3A
8160718,,0x55,0xCF,"0x0C,0xFE",0x25
8165664,,0x55,0x8E,"0x60,0x7F",0x91
8170664,,0x55,0xDD,"0x00,0xFC",0x25
8175661,,0x55,0x1F,"0x7E,0xC9,0x00,0x0C,0x00,0xC0,0xFF,0xFF",0xCB
8185664,,0x55,0x80,"0x80,0xFF",0xFE
8190664,,0x55,0x32,"0x89,0x00",0x44
8195664,,0x55,0x9C,"0x00,0x00,0x2B,0x10,0xE0,0xFF,0x3F,0x35",0xD2
8205669,,0x55,0x1F,"0x7E,0xC9,0x00,0x0C,0x00,0xC0,0xFF,0xFF",0xCB
8215702,,0x55,0x42,"0x00,0xFF",0xBD
8220646,,0x55,0xCA,"0xFC,0x7F",0xB8
8230649,,0x55,0x0D,"0x00,0x00",0xF2
8240672,,0x55,0xC1,"0x00,0x10,0x00,0xFF",0x2E
8250687,,0x55,0xB1,"0x0C,0x00",0x42
8260756,,0x55,0xC4,,0x00
8280649,,0x55,0x6A,"0x24,0xA0,0x00,0x00,0x00,0xFF,0xFF,0xFF",0xD0
8290649,,0x55,0xE9,,0xFF
8295672,,0x55,0xAD,,0xFF
8300695,,0x55,0x61,"0x20,0x44,0xFF,0xFF,0xFF,0xFF,0xFF,0xFF",0x3A
8310649,,0x55,0xCF,"0x0C,0xFE",0x25
8315702,,0x55,0x8E,"0x60,0x7F",0x91
8320680,,0x55,0xDD,"0x00,0xFC",0x25
8325669,,0x55,0x1F,"0x7E,0xC9,0x00,0x0C,0x00,0xC0,0xFF,0xFF",0xCB
8335672,,0x55,0x80,"0x80,0xFF",0xFE
8340677,,0x55,0x32,"0x89,0x00",0x44
8345687,,0x55,0x9C,"0x00,0x00,0x2B,0x10,0xE0,0xFF,0x3F,0x35",0xD2
8355687,,0x55,0x1F,"0x7E,0xC9,0x00,0x0C,0x00,0xC0,0xFF,0xFF",0xCB
8365687,,0x55,0x42,"0x00,0xFF",0xBD
8370661,,0x55,0xCA,"0xFC,0x7F",0xB8
8380687,,0x55,0x0D,"0x00,0x00",0xF2
8390661,,0x55,0xC1,"0x00,0x10,0x00,0xFF",0x2E
8400695,,0x55,0xB1,"0x0C,0x00",0x42
8410664,,0x55,0xC4,,0x00
8430649,,0x55,0x6A,"0x24,0xA0,0x00,0x00,0x00,0xFF,0xFF,0xFF",0xD0
8440672,,0x55,0xE9,,0x00
8450672,,0x55,0x61,"0x20,0x44,0xFF,0xFF,0xFF,0xFF,0xFF,0xFF",0x3A
8460687,,0x55,0xCF,"0x0C,0xFE",0x25
8465676,,0x55,0x8E,"0x60,0x7F",0x91
8470649,,0x55,0xDD,"0x00,0xFC",0x25
8475657,,0x55,0x1F,"0x7E,0xC9,0x00,0x0C,0x00,0xC0,0xFF,0xFF",0xCB
8485700,,0x55,0x80,"0x80,0xFF",0xFE
8490650,,0x55,0x32,"0x89,0x00",0x44
8495703,,0x55,0x9C,"0x00,0x00,0x2B,0x10,0xE0,0xFF,0x3F,0x35",0xD2
8505687,,0x55,0x1F,"0x7E,0xC9,0x00,0x0C,0x00,0xC0,0xFF,0xFF",0xCB
8515702,,0x55,0x42,"0x00,0xFF",0xBD
8520680,,0x55,0xCA,"0xFC,0x7F",0xB8
8530653,,0x55,0x0D,"0x00,0x00",0xF2
8540671,,0x55,0xC1,"0x00,0x10,0x00,0xFF",0x2E
8550656,,0x55,0xB1,"0x0C,0x00",0x42
8560725,,0x55,0xC4,,0x00
8580687,,0x55,0x6A,"0x24,0xA0,0x00,0x00,0x00,0xFF,0xFF,0xFF",0xD0
8590657,,0x55,0xE9,,0x00
8600687,,0x55,0x61,"0x20,0x44,0xFF,0xFF,0xFF,0xFF,0xFF,0xFF",0x3A
8610657,,0x55,0xCF,"0x0C,0xFE",0x25
8615710,,0x55,0x8E,"0x60,0x7F",0x91
8620677,,0x55,0xDD,"0x00,0xFC",0x25
8625672,,0x55,0x1F,"0x7E,0xC9,0x00,0x0C,0x00,0xC0,0xFF,0xFF",0xCB
8635764,,0x55,0x80,"0x80,0xFF",0xFE
8640649,,0x55,0x32,"0x89,0x00",0x44
8645669,,0x55,0x9C,"0x00,0x00,0x2B,0x10,0xE0,0xFF,0x3F,0x35",0xD2
8655672,,0x55,0x1F,"0x7E,0xC9,0x00,0x0C,0x00,0xC0,0xFF,0xFF",0xCB
8665680,,0x55,0x42,"0x00,0xFF",0xBD
8670649,,0x55,0xCA,"0xFC,0x7F",0xB8
8680687,,0x55,0x0D,"0x00,0x00",0xF2
8690646,,0x55,0xC1,"0x00,0x10,0x00,0xFF",0x2E
8700687,,0x55,0xB1,"0x0C,0x00",0x42
8710646,,0x55,0xC4,,0x00
8730649,,0x55,0x6A,"0x24,0xA0,0x00,0x00,0x00,0xFF,0xFF,0xFF",0xD0
8740672,,0x55,0xE9,,0xFF
8745687,,0x55,0xAD,,0x00
8760710,,0x55,0xCF,"0x0C,0xFE",0x25
8765679,,0x55,0x8E,"0x60,0x7F",0x91
8770664,,0x55,0xDD,"0x00,0xFC",0x25
8775670,,0x55,0x1F,"0x7E,0xC9,0x00,0x0C,0x00,0xC0,0xFF,0xFF",0xCB
8785672,,0x55,0x80,"0x80,0xFF",0xFE
8790664,,0x55,0x32,"0x89,0x00",0x44
8795680,,0x55,0x9C,"0x00,0x00,0x2B,0x10,0xE0,0xFF,0x3F,0x35",0xD2
8805692,,0x55,0x1F,"0x7E,0xC9,0x00,0x0C,0x00,0xC0,0xFF,0xFF",0xCB
8815687,,0x55,0x42,"0x00,0xFF",0xBD
8820672,,0x55,0xCA,"0xFC,0x7F",0xB8
8830661,,0x55,0x0D,"0x00,0x00",0xF2
8840672,,0x55,0xC1,"0x00,0x10,0x00,0xFF",0x2E
8850649,,0x55,0xB1,"0x0C,0x00",0x42
8860679,,0x55,0xC4,,0x00
8880779,,0x55,0x6A,"0x24,0xA0,0x00,0x00,0x00,0xFF,0xFF,0xFF",0xD0
8890646,,0x55,0xE9,,0x00
8900687,,0x55,0x61,"0x20,0x44,0xFF,0xFF,0xFF,0xFF,0xFF,0xFF",0x3A
8910646,,0x55,0xCF,"0x0C,0xFE",0x25
8915672,,0x55,0x8E,"0x60,0x7F",0x91
8920676,,0x55,0xDD,"0x00,0xFC",0x25
8925669,,0x55,0x1F,"0x7E,0xC9,0x00,0x0C,0x00,0xC0,0xFF,0xFF",0xCB
8935687,,0x55,0x80,"0x80,0xFF",0xFE
8940672,,0x55,0x32,"0x89,0x00",0x44
8945669,,0x55,0x9C,"0x00,0x00,0x2B,0x10,0xE0,0xFF,0x3F,0x35",0xD2
8955657,,0x55,0x1F,"0x7E,0xC9,0x00,0x0C,0x00,0xC0,0xFF,0xFF",0xCB
8965656,,0x55,0x42,"0x00,0xFF",0xBD
8970664,,0x55,0xCA,"0xFC,0x7F",0xB8
8980679,,0x55,0x0D,"0x00,0x00",0xF2
8990672,,0x55,0xC1,"0x00,0x10,0x00,0xFF",0x2E
9000679,,0x55,0xB1,"0x0C,0x00",0x42
9010641,,0x55,0xC4,,0x00
9030649,,0x55,0x6A,"0x24,0xA0,0x00,0x00,0x00,0xFF,0xFF,0xFF",0xD0
9040672,,0x55,0xE9,,0x00
9050653,,0x55,0x61,"0x20,0x44,0xFF,0xFF,0xFF,0xFF,0xFF,0xFF",0x3A
9060641,,0x55,0xCF,"0x0C,0xFE",0x25
9065700,,0x55,0x8E,"0x60,0x7F",0x91
9070646,,0x55,0xDD,"0x00,0xFC",0x25
9075670,,0x55,0x1F,"0x7E,0xC9,0x00,0x0C,0x00,0xC0,0xFF,0xFF",0xCB
9085664,,0x55,0x80,"0x80,0xFF",0xFE
9090649,,0x55,0x32,"0x89,0x00",0x44
9095680,,0x55,0x9C,"0x00,0x00,0x2B,0x10,0xE0,0xFF,0x3F,0x35",0xD2
9105694,,0x55,0x1F,"0x7E,0xC9,0x00,0x0C,0x00,0xC0,0xFF,0xFF",0xCB
9115672,,0x55,0x42,"0x00,0xFF",0xBD
9120677,,0x55,0xCA,"0xFC,0x7F",0xB8
9130657,,0x55,0x0D,"0x00,0x00",0xF2
9140669,,0x55,0xC1,"0x00,0x10,0x00,0xFF",0x2E
9150656,,0x55,0xB1,"0x0C,0x00",0x42
9160680,,0x55,0xC4,,0x00
9180703,,0x55,0x6A,"0x24,0xA0,0x00,0x00,0x00,0xFF,0xFF,0xFF",0xD0
9190771,,0x55,0xE9,,0xFF
9195680,,0x55,0xAD,,0xFF
9200680,,0x55,0x61,"0x20,0x44,0xFF,0xFF,0xFF,0xFF,0xFF,0xFF",0x3A
9210654,,0x55,0xCF,"0x0C,0xFE",0x25
9215685,,0x55,0x8E,"0x60,0x7F",0x91
9220646,,0x55,0xDD,"0x00,0xFC",0x25
9225669,,0x55,0x1F,"0x7E,0xC9,0x00,0x0C,0x00,0xC0,0xFF,0xFF",0xCB
9235656,,0x55,0x80,"0x80,0xFF",0xFE
9240672,,0x55,0x32,"0x89,0x00",0x44
9245664,,0x55,0x9C,"0x00,0x00,0x2B,0x10,0xE0,0xFF,0x3F,0x35",0xD2
9255664,,0x55,0x1F,"0x7E,0xC9,0x00,0x0C,0x00,0xC0,0xFF,0xFF",0xCB
9265672,,0x55,0x42,"0x00,0xFF",0xBD
9270641,,0x55,0xCA,"0xFC,0x7F",0xB8
9280641,,0x55,0x0D,"0x00,0x00",0xF2
9290641,,0x55,0xC1,"0x00,0x10,0x00,0xFF",0x2E
9300653,,0x55,0xB1,"0x0C,0x00",0x42
9310657,,0x55,0xC4,,0x00
9330646,,0x55,0x6A,"0x24,0xA0,0x00,0x00,0x00,0xFF,0xFF,0xFF",0xD0
9340641,,0x55,0xE9,,0xFF
9345749,,0x55,0xAD,,0x00
9360656,,0x55,0xCF,"0x0C,0xFE",0x25
9365656,,0x55,0x8E,"0x60,0x7F",0x91
9370657,,0x55,0xDD,"0x00,0xFC",0x25
9375649,,0x55,0x1F,"0x7E,0xC9,0x00,0x0C,0x00,0xC0,0xFF,0xFF",0xCB
9385654,,0x55,0x80,"0x80,0xFF",0xFE
9390658,,0x55,0x32,"0x89,0x00",0x44
9395656,,0x55,0x9C,"0x00,0x00,0x2B,0x10,0xE0,0xFF,0x3F,0x35",0xD2
9405680,,0x55,0x1F,"0x7E,0xC9,0x00,0x0C,0x00,0xC0,0xFF,0xFF",0xCB
9415687,,0x55,0x42,"0x00,0xFF",0xBD
9420641,,0x55,0xCA,"0xFC,0x7F",0xB8
9430653,,0x55,0x0D,"0x00,0x00",0xF2
9440657,,0x55,0xC1,"0x00,0x10,0x00,0xFF",0x2E
9450679,,0x55,0xB1,"0x0C,0x00",0x42
9460684,,0x55,0xC4,,0x00
9480641,,0x55,0x6A,"0x24,0xA0,0x00,0x00,0x00,0xFF,0xFF,0xFF",0xD0
9490641,,0x55,0xE9,,0x00
9500794,,0x55,0x61,"0x20,0x44,0xFF,0xFF,0xFF,0xFF,0xFF,0xFF",0x3A
9510641,,0x55,0xCF,"0x0C,0xFE",0x25
9515672,,0x55,0x8E,"0x60,0x7F",0x91
9520672,,0x55,0xDD,"0x00,0xFC",0x25
9525679,,0x55,0x1F,"0x7E,0xC9,0x00,0x0C,0x00,0xC0,0xFF,0xFF",0xCB
9535679,,0x55,0x80,"0x88,0xFF",0xF6
9540672,,0x55,0x32,"0x89,0x00",0x44
9545687,,0x55,0x9C,"0x00,0x00,0x2B,0x10,0xE0,0xFF,0x3F,0x35",0xD2
9555671,,0x55,0x1F,"0x7E,0xC9,0x00,0x0C,0x00,0xC0,0xFF,0xFF",0xCB
9565679,,0x55,0x42,"0x00,0xFF",0xBD
9570671,,0x55,0xCA,"0xFC,0x7F",0xB8
9580680,,0x55,0x0D,"0x00,0x00",0xF2
9590664,,0x55,0xC1,"0x00,0x10,0x00,0xFF",0x2E
9600680,,0x55,0xB1,"0x0C,0x00",0x42
9610641,,0x55,0xC4,,0x00
9630641,,0x55,0x6A,"0x24,0xA0,0x00,0x00,0x00,0xFF,0xFF,0xFF",0xD0
9640664,,0x55,0xE9,,0x00
9650646,,0x55,0x61,"0x20,0x44,0xFF,0xFF,0xFF,0xFF,0xFF,0xFF",0x3A
9660669,,0x55,0xCF,"0x0C,0xFE",0x25
9665685,,0x55,0x8E,"0x60,0x7F",0x91
9670646,,0x55,0xDD,"0x00,0xFC",0x25
9675661,,0x55,0x1F,"0x7E,0xC9,0x00,0x0C,0x00,0xC0,0xFF,0xFF",0xCB
9685695,,0x55,0x80,"0x80,0xFF",0xFE
9690664,,0x55,0x32,"0x89,0x00",0x44
9695664,,0x55,0x9C,"0x00,0x00,0x2B,0x10,0xE0,0xFF,0x3F,0x35",0xD2
9705664,,0x55,0x1F,"0x7E,0xC9,0x00,0x0C,0x00,0xC0,0xFF,0xFF",0xCB
9715664,,0x55,0x42,"0x00,0xFF",0xBD
9720646,,0x55,0xCA,"0xFC,0x7F",0xB8
9730641,,0x55,0x0D,"0x00,0x00",0xF2
9740664,,0x55,0xC1,"0x00,0x10,0x00,0xFF",0x2E
9750649,,0x55,0xB1,"0x0C,0x00",0x42
9760677,,0x55,0xC4,,0x00
9780695,,0x55,0x6A,"0x24,0xA0,0x00,0x00,0x00,0xFF,0xFF,0xFF",0xD0
9790672,,0x55,0xE9,,0x00
9800680,,0x55,0x61,"0x20,0x44,0xFF,0xFF,0xFF,0xFF,0xFF,0xFF",0x3A
9810641,,0x55,0xCF,"0x0C,0xFE",0x25
9815657,,0x55,0x8E,"0x60,0x7F",0x91
9820664,,0x55,0xDD,"0x00,0xFC",0x25
9825664,,0x55,0x1F,"0x7E,0xC9,0x00,0x0C,0x00,0xC0,0xFF,0xFF",0xCB
9835692,,0x55,0x80,"0x80,0xFF",0xFE
9840641,,0x55,0x32,"0x49,0x00",0x84
9845687,,0x55,0x9C,"0x00,0x00,0x2B,0x10,0xE0,0xFF,0x3F,0x35",0xD2
9855657,,0x55,0x1F,"0x7E,0xC9,0x00,0x0C,0x00,0xC0,0xFF,0xFF",0xCB
9865664,,0x55,0x42,"0x00,0xFF",0xBD
9870641,,0x55,0xCA,"0xFC,0x7F",0xB8
9880635,,0x55,0x0D,"0x00,0x00",0xF2
9890638,,0x55,0xC1,"0x00,0x10,0x00,0xFF",0x2E
9900676,,0x55,0xB1,"0x0C,0x00",0x42
9910638,,0x55,0xC4,,0x00
9930657,,0x55,0x6A,"0x24,0xA0,0x00,0x00,0x00,0xFF,0xFF,0xFF",0xD0
9940687,,0x55,0xE9,,0xFF
9945657,,0x55,0xAD,,0x00
9960687,,0x55,0xCF,"0x0C,0xFE",0x25
9965679,,0x55,0x8E,"0x60,0x7F",0x91
9970649,,0x55,0xDD,"0x00,0xFC",0x25
9975646,,0x55,0x1F,"0x7E,0xC9,0x00,0x0C,0x00,0xC0,0xFF,0xFF",0xCB
9985679,,0x55,0x80,"0x80,0xFF",0xFE
9990657,,0x55,0x32,"0x49,0x00",0x84
9995639,,0x55,0x9C,"0x00,0x00,0x2B,0x10,0xE0,0xFF,0x3F,0x35",0xD2
10005657,,0x55,0x1F,"0x7E,0xC9,0x00,0x0C,0x00,0xC0,0xFF,0xFF",0xCB
10015687,,0x55,0x42,"0x00,0xFF",0xBD
10020664,,0x55,0xCA,"0xFC,0x7F",0xB8
10030635,,0x55,0x0D,"0x00,0x00",0xF2
10040664,,0x55,0xC1,"0x00,0x10,0x00,0xFF",0x2E
10050656,,0x55,0xB1,"0x0C,0x00",0x42
10060635,,0x55,0xC4,,0xFF
10070657,,0x55,0x1F,"0x7E,0xC9,0x00,0x0C,0x00,0xC0,0xFF,0xFF",0xCB
10080657,,0x55,0x6A,"0x24,0xA0,0x00,0x00,0x00,0xFF,0xFF,0xFF",0xD0
10090649,,0x55,0xE9,,0xFF
10095664,,0x55,0xAD,,0x00
10110656,,0x55,0xCF,"0x0C,0xFE",0x25
10115687,,0x55,0x8E,"0x60,0x7F",0x91
10120641,,0x55,0xDD,"0x00,0xFC",0x25
10125664,,0x55,0x1F,"0x7E,0xC9,0x00,0x0C,0x00,0xC0,0xFF,0xFF",0xCB
10135687,,0x55,0x80,"0x80,0xFF",0xFE
10140664,,0x55,0x32,"0x49,0x00",0x84
10145687,,0x55,0x9C,"0x00,0x00,0x2B,0x10,0xE0,0xFF,0x3F,0x35",0xD2
10155649,,0x55,0x1F,"0x7E,0xC9,0x00,0x0C,0x00,0xC0,0xFF,0xFF",0xCB
10165677,,0x55,0x42,"0x00,0xFF",0xBD
10170649,,0x55,0xCA,"0xFC,0x7F",0xB8
10180649,,0x55,0x0D,"0x00,0x00",0xF2
10190664,,0x55,0xC1,"0x00,0x10,0x00,0xFF",0x2E
10200649,,0x55,0xB1,"0x0C,0x00",0x42
10210635,,0x55,0xC4,,0x00
10230661,,0x55,0x6A,"0x24,0xA0,0x00,0x00,0x00,0xFF,0xFF,0xFF",0xD0
10240635,,0x55,0xE9,,0xFF
10245657,,0x55,0xAD,,0x00
10260664,,0x55,0xCF,"0x0C,0xFE",0x25
10265687,,0x55,0x8E,"0x60,0x7F",0x91
10270638,,0x55,0xDD,"0x00,0xFC",0x25
10275662,,0x55,0x1F,"0x7E,0xC9,0x00,0x0C,0x00,0xC0,0xFF,0xFF",0xCB
10285687,,0x55,0x80,"0x80,0xFF",0xFE
10290641,,0x55,0x32,"0x49,0x00",0x84
10295657,,0x55,0x9C,"0x00,0x00,0x2B,0x10,0xE0,0xFF,0x3F,0x35",0xD2
10305657,,0x55,0x1F,"0x7E,0xC9,0x00,0x0C,0x00,0xC0,0xFF,0xFF",0xCB
10315691,,0x55,0x42,"0x00,0xFF",0xBD
10320670,,0x55,0xCA,"0xFC,0x7F",0xB8
10330635,,0x55,0x0D,"0x00,0x00",0xF2
10340635,,0x55,0xC1,"0x00,0x10,0x00,0xFF",0x2E
10350646,,0x55,0xB1,"0x0C,0x00",0x42
10360672,,0x55,0xC4,,0x00
10380695,,0x55,0x6A,"0x24,0xA0,0x00,0x00,0x00,0xFF,0xFF,0xFF",0xD0
10390648,,0x55,0xE9,,0x00
10400672,,0x55,0x61,"0x20,0x44,0xFF,0xFF,0xFF,0xFF,0xFF,0xFF",0x3A
10410635,,0x55,0xCF,"0x0C,0xFE",0x25
10415656,,0x55,0x8E,"0x60,0x7F",0x91
10420664,,0x55,0xDD,"0x00,0xFC",0x25
10425656,,0x55,0x1F,"0x7E,0xC9,0x00,0x0C,0x00,0xC0,0xFF,0xFF",0xCB
10435657,,0x55,0x80,"0x80,0xFF",0xFE
10440638,,0x55,0x32,"0x49,0x00",0x84
10445684,,0x55,0x9C,"0x00,0x00,0x2B,0x10,0xE0,0xFF,0x3F,0x35",0xD2
10455657,,0x55,0x1F,"0x7E,0xC9,0x00,0x0C,0x00,0xC0,0xFF,0xFF",0xCB
10465687,,0x55,0x42,"0x00,0xFF",0xBD
10470635,,0x55,0xCA,"0xFC,0x7F",0xB8
10480638,,0x55,0x0D,"0x00,0x00",0xF2
10490638,,0x55,0xC1,"0x00,0x10,0x00,0xFF",0x2E
10500672,,0x55,0xB1,"0x0C,0x00",0x42
10510641,,0x55,0xC4,,0x00
10530718,,0x55,0x6A,"0x24,0xA0,0x00,0x00,0x00,0xFF,0xFF,0xFF",0xD0
10540653,,0x55,0xE9,,0x00
10550649,,0x55,0x61,"0x20,0x44,0xFF,0xFF,0xFF,0xFF,0xFF,0xFF",0x3A
10560672,,0x55,0xCF,"0x0C,0xFE",0x25
10565664,,0x55,0x8E,"0x60,0x7F",0x91
10570649,,0x55,0xDD,"0x00,0xFC",0x25
10575641,,0x55,0x1F,"0x7E,0xC9,0x00,0x0C,0x00,0xC0,0xFF,0xFF",0xCB
10585671,,0x55,0x80,"0x80,0xFF",0xFE
10590664,,0x55,0x32,"0x49,0x00",0x84
10595649,,0x55,0x9C,"0x00,0x00,0x2B,0x10,0xE0,0xFF,0x3F,0x35",0xD2
10605657,,0x55,0x1F,"0x7E,0xC9,0x00,0x0C,0x00,0xC0,0xFF,0xFF",0xCB
10615656,,0x55,0x42,"0x00,0xFF",0xBD
10620634,,0x55,0xCA,"0xFC,0x7F",0xB8
10630639,,0x55,0x0D,"0x00,0x00",0xF2
10640631,,0x55,0xC1,"0x00,0x10,0x00,0xFF",0x2E
10650654,,0x55,0xB1,"0x0C,0x00",0x42
10660631,,0x55,0xC4,,0xFF
10670649,,0x55,0x1F,"0x7E,0xC9,0x00,0x0C,0x00,0xC0,0xFF,0xFF",0xCB
10680680,,0x55,0x6A,"0x24,0xA0,0x00,0x00,0x00,0xFF,0xFF,0xFF",0xD0
10690657,,0x55,0xE9,,0x00
10700677,,0x55,0x61,"0x20,0x44,0xFF,0xFF,0xFF,0xFF,0xFF,0xFF",0x3A
10710638,,0x55,0xCF,"0x0C,0xFE",0x25
10715662,,0x55,0x8E,"0x60,0x7F",0x91
10720665,,0x55,0xDD,"0x00,0xFC",0x25
10725657,,0x55,0x1F,"0x7E,0xC9,0x00,0x0C,0x00,0xC0,0xFF,0xFF",0xCB
10735684,,0x55,0x80,"0x80,0xFF",0xFE
10740665,,0x55,0x32,"0x49,0x00",0x84
10745684,,0x55,0x9C,"0x00,0x00,0x2B,0x10,0xE0,0xFF,0x3F,0x35",0xD2
10755638,,0x55,0x1F,"0x7E,0xC9,0x00,0x0C,0x00,0xC0,0xFF,0xFF",0xCB
10765672,,0x55,0x42,"0x00,0xFF",0xBD
10770664,,0x55,0xCA,"0xFC,0x7F",0xB8
10780641,,0x55,0x0D,"0x00,0x00",0xF2
10790664,,0x55,0xC1,"0x00,0x10,0x00,0xFF",0x2E
10800641,,0x55,0xB1,"0x0C,0x00",0x42
10810631,,0x55,0xC4,,0x00
10830649,,0x55,0x6A,"0x24,0xA0,0x00,0x00,0x00,0xFF,0xFF,0xFF",0xD0
10840741,,0x55,0xE9,,0xFF
10845680,,0x55,0xAD,,0x00
10860638,,0x55,0xCF,"0x0C,0xFE",0x25
10865680,,0x55,0x8E,"0x60,0x7F",0x91
10870634,,0x55,0xDD,"0x00,0xFC",0x25
10875654,,0x55,0x1F,"0x7E,0xC9,0x00,0x0C,0x00,0xC0,0xFF,0xFF",0xCB
10885687,,0x55,0x80,"0x80,0xFF",0xFE
10890656,,0x55,0x32,"0x49,0x00",0x84
10895654,,0x55,0x9C,"0x00,0x00,0x2B,0x10,0xE0,0xFF,0x3F,0x35",0xD2
10905654,,0x55,0x1F,"0x7E,0xC9,0x00,0x0C,0x00,0xC0,0xFF,0xFF",0xCB
10915687,,0x55,0x42,"0x00,0xFF",0xBD
10920664,,0x55,0xCA,"0xFC,0x7F",0xB8
10930646,,0x55,0x0D,"0x00,0x00",0xF2
10940631,,0x55,0xC1,"0x00,0x10,0x00,0xFF",0x2E
10950641,,0x55,0xB1,"0x0C,0x00",0x42
10960641,,0x55,0xC4,,0xFF
10970664,,0x55,0x1F,"0x7E,0xC9,0x00,0x0C,0x00,0xC0,0xFF,0xFF",0xCB
10980641,,0x55,0x6A,"0x24,0xA0,0x00,0x00,0x00,0xFF,0xFF,0xFF",0xD0
10990664,,0x55,0xE9,,0x00
11000672,,0x55,0x61,"0x20,0x44,0xFF,0xFF,0xFF,0xFF,0xFF,0xFF",0x3A
11010649,,0x55,0xCF,"0x0C,0xFE",0x25
11015680,,0x55,0x8E,"0x60,0x7F",0x91
11020631,,0x55,0xDD,"0x00,0xFC",0x25
11025654,,0x55,0x1F,"0x7E,0xC9,0x00,0x0C,0x00,0xC0,0xFF,0xFF",0xCB
11035657,,0x55,0x80,"0x80,0xFF",0xFE
11040635,,0x55,0x32,"0x49,0x00",0x84
11045680,,0x55,0x9C,"0x00,0x00,0x2B,0x10,0xE0,0xFF,0x3F,0x35",0xD2
11055649,,0x55,0x1F,"0x7E,0xC9,0x00,0x0C,0x00,0xC0,0xFF,0xFF",0xCB
11065684,,0x55,0x42,"0x00,0xFF",0xBD
11070634,,0x55,0xCA,"0xFC,0x7F",0xB8
11080648,,0x55,0x0D,"0x00,0x00",0xF2
11090630,,0x55,0xC1,"0x00,0x10,0x00,0xFF",0x2E
11100641,,0x55,0xB1,"0x0C,0x00",0x42
11110649,,0x55,0xC4,,0x00
11130657,,0x55,0x6A,"0x24,0xA0,0x00,0x00,0x00,0xFF,0xFF,0xFF",0xD0
11140656,,0x55,0xE9,,0x00
11150749,,0x55,0x61,"0x20,0x44,0xFF,0xFF,0xFF,0xFF,0xFF,0xFF",0x3A
11160664,,0x55,0xCF,"0x0C,0xFE",0x25
11165641,,0x55,0x8E,"0x60,0x7F",0x91
11170641,,0x55,0xDD,"0x00,0xFC",0x25
11175641,,0x55,0x1F,"0x7E,0xC9,0x00,0x0C,0x00,0xC0,0xFF,0xFF",0xCB
11185664,,0x55,0x80,"0x80,0xFF",0xFE
11190646,,0x55,0x32,"0x49,0x00",0x84
11195646,,0x55,0x9C,"0x00,0x00,0x2B,0x10,0xE0,0xFF,0x3F,0x35",0xD2
11205657,,0x55,0x1F,"0x7E,0xC9,0x00,0x0C,0x00,0xC0,0xFF,0xFF",0xCB
11215656,,0x55,0x42,"0x00,0xFF",0xBD
11220630,,0x55,0xCA,"0xFC,0x7F",0xB8
11230631,,0x55,0x0D,"0x00,0x00",0xF2
11240630,,0x55,0xC1,"0x00,0x10,0x00,0xFF",0x2E
11250630,,0x55,0xB1,"0x0C,0x00",0x42
11260631,,0x55,0xC4,,0x00
11280631,,0x55,0x6A,"0x24,0xA0,0x00,0x00,0x00,0xFF,0xFF,0xFF",0xD0
11290630,,0x55,0xE9,,0x00
11300649,,0x55,0x61,"0x20,0x44,0xFF,0xFF,0xFF,0xFF,0xFF,0xFF",0x3A
11310649,,0x55,0xCF,"0x0C,0xFE",0x25
11315702,,0x55,0x8E,"0x60,0x7F",0x91
11320634,,0x55,0xDD,"0x00,0xFC",0x25
11325641,,0x55,0x1F,"0x7E,0xC9,0x00,0x0C,0x00,0xC0,0xFF,0xFF",0xCB
11335649,,0x55,0x80,"0x80,0xFF",0xFE
11340630,,0x55,0x32,"0x49,0x00",0x84
11345679,,0x55,0x9C,"0x00,0x00,0x2B,0x10,0xE0,0xFF,0x3F,0x35",0xD2
11355641,,0x55,0x1F,"0x7E,0xC9,0x00,0x0C,0x00,0xC0,0xFF,0xFF",0xCB
11365641,,0x55,0x42,"0x00,0xFF",0xBD
11370664,,0x55,0xCA,"0xFC,0x7F",0xB8
11380657,,0x55,0x0D,"0x00,0x00",0xF2
11390641,,0x55,0xC1,"0x00,0x10,0x00,0xFF",0x2E
11400635,,0x55,0xB1,"0x0C,0x00",0x42
11410631,,0x55,0xC4,,0x00
11430638,,0x55,0x6A,"0x24,0xA0,0x00,0x00,0x00,0xFF,0xFF,0xFF",0xD0
11440630,,0x55,0xE9,,0xFF
11445649,,0x55,0xAD,,0x00
11460741,,0x55,0xCF,"0x0C,0xFE",0x25
11465677,,0x55,0x8E,"0x60,0x7F",0x91
11470649,,0x55,0xDD,"0x00,0xFC",0x25
11475649,,0x55,0x1F,"0x7E,0xC9,0x00,0x0C,0x00,0xC0,0xFF,0xFF",0xCB
11485680,,0x55,0x80,"0x80,0xFF",0xFE
11490649,,0x55,0x32,"0x49,0x00",0x84
11495649,,0x55,0x9C,"0x00,0x00,0x2B,0x10,0xE0,0xFF,0x3F,0x35",0xD2
11505649,,0x55,0x1F,"0x7E,0xC9,0x00,0x0C,0x00,0xC0,0xFF,0xFF",0xCB
11515646,,0x55,0x42,"0x00,0xFF",0xBD
11520634,,0x55,0xCA,"0xFC,0x7F",0xB8
11530631,,0x55,0x0D,"0x00,0x00",0xF2
11540631,,0x55,0xC1,"0x00,0x10,0x00,0xFF",0x2E
11550664,,0x55,0xB1,"0x0C,0x00",0x42
11560641,,0x55,0xC4,,0x00
11580657,,0x55,0x6A,"0x24,0xA0,0x00,0x00,0x00,0xFF,0xFF,0xFF",0xD0
11590657,,0x55,0xE9,,0x00
11600657,,0x55,0x61,"0x20,0x44,0xFF,0xFF,0xFF,0xFF,0xFF,0xFF",0x3A
11610649,,0x55,0xCF,"0x0C,0xFE",0x25
11615786,,0x55,0x8E,"0x60,0x7F",0x91
11620649,,0x55,0xDD,"0x00,0xFC",0x25
11625649,,0x55,0x1F,"0x7E,0xC9,0x00,0x0C,0x00,0xC0,0xFF,0xFF",0xCB
11635649,,0x55,0x80,"0x80,0xFF",0xFE
11640646,,0x55,0x32,"0x49,0x00",0x84
11645677,,0x55,0x9C,"0x00,0x00,0x2B,0x10,0xE0,0xFF,0x3F,0x35",0xD2
11655672,,0x55,0x1F,"0x7E,0xC9,0x00,0x0C,0x00,0xC0,0xFF,0xFF",0xCB
11665679,,0x55,0x42,"0x00,0xFF",0xBD
11670646,,0x55,0xCA,"0xFC,0x7F",0xB8
11680623,,0x55,0x0D,"0x00,0x00",0xF2
11690631,,0x55,0xC1,"0x00,0x10,0x00,0xFF",0x2E
11700649,,0x55,0xB1,"0x0C,0x00",0x42
11710641,,0x55,0xC4,,0x00
11730648,,0x55,0x6A,"0x24,0xA0,0x00,0x00,0x00,0xFF,0xFF,0xFF",0xD0
11740646,,0x55,0xE9,,0x00
11750680,,0x55,0x61,"0x20,0x44,0xFF,0xFF,0xFF,0xFF,0xFF,0xFF",0x3A
11760676,,0x55,0xCF,"0x0C,0xFE",0x25
11765684,,0x55,0x8E,"0x60,0x7F",0x91
11770769,,0x55,0xDD,"0x00,0xFC",0x25
11775638,,0x55,0x1F,"0x7E,0xC9,0x00,0x0C,0x00,0xC0,0xFF,0xFF",0xCB
11785672,,0x55,0x80,"0x80,0xFF",0xFE
11790657,,0x55,0x32,"0x49,0x00",0x84
11795641,,0x55,0x9C,"0x00,0x00,0x2B,0x10,0xE0,0xFF,0x3F,0x35",0xD2
11805649,,0x55,0x1F,"0x7E,0xC9,0x00,0x0C,0x00,0xC0,0xFF,0xFF",0xCB
11815648,,0x55,0x42,"0x00,0xFF",0xBD
11820646,,0x55,0xCA,"0xFC,0x7F",0xB8
11830641,,0x55,0x0D,"0x00,0x00",0xF2
11840641,,0x55,0xC1,"0x00,0x10,0x00,0xFF",0x2E
11850631,,0x55,0xB1,"0x0C,0x00",0x42
11860623,,0x55,0xC4,,0x00
11880631,,0x55,0x6A,"0x24,0xA0,0x00,0x00,0x00,0xFF,0xFF,0xFF",0xD0
11890649,,0x55,0xE9,,0x00
11900664,,0x55,0x61,"0x20,0x44,0xFF,0xFF,0xFF,0xFF,0xFF,0xFF",0x3A
11910664,,0x55,0xCF,"0x0C,0xFE",0x25
11915695,,0x55,0x8E,"0x60,0x7F",0x91
11920649,,0x55,0xDD,"0x00,0xFC",0x25
11925764,,0x55,0x1F,"0x7E,0xC9,0x00,0x0C,0x00,0xC0,0xFF,0xFF",0xCB
11935649,,0x55,0x80,"0x80,0xFF",0xFE
11940631,,0x55,0x32,"0x49,0x00",0x84
11945673,,0x55,0x9C,"0x00,0x00,0x2B,0x10,0xE0,0xFF,0x3F,0x35",0xD2
11955635,,0x55,0x1F,"0x7E,0xC9,0x00,0x0C,0x00,0xC0,0xFF,0xFF",0xCB
11965641,,0x55,0x42,"0x00,0xFF",0xBD
11970656,,0x55,0xCA,"0xFC,0x7F",0xB8
11980631,,0x55,0x0D,"0x00,0x00",0xF2
11990656,,0x55,0xC1,"0x00,0x10,0x00,0xFF",0x2E
12000635,,0x55,0xB1,"0x0C,0x00",0x42
12010641,,0x55,0xC4,,0x00
12030649,,0x55,0x6A,"0x24,0xA0,0x00,0x00,0x00,0xFF,0xFF,0xFF",0xD0
12040628,,0x55,0xE9,,0x00
12050672,,0x55,0x61,"0x20,0x44,0xFF,0xFF,0xFF,0xFF,0xFF,0xFF",0x3A
12060641,,0x55,0xCF,"0x0C,0xFE",0x25
12065687,,0x55,0x8E,"0x60,0x7F",0x91
12070664,,0x55,0xDD,"0x00,0xFC",0x25
12075664,,0x55,0x1F,"0x7E,0xC9,0x00,0x0C,0x00,0xC0,0xFF,0xFF",0xCB
12085664,,0x55,0x80,"0x80,0xFF",0xFE
12090649,,0x55,0x32,"0x49,0x00",0x84
12095647,,0x55,0x9C,"0x00,0x00,0x2B,0x10,0xE0,0xFF,0x3F,0x35",0xD2
12105646,,0x55,0x1F,"0x7E,0xC9,0x00,0x0C,0x00,0xC0,0xFF,0xFF",0xCB
12115654,,0x55,0x42,"0x00,0xFF",0xBD
12120630,,0x55,0xCA,"0xFC,0x7F",0xB8
12130641,,0x55,0x0D,"0x00,0x00",0xF2
12140623,,0x55,0xC1,"0x00,0x10,0x00,0xFF",0x2E
12150653,,0x55,0xB1,"0x0C,0x00",0x42
12160664,,0x55,0xC4,,0xFF
12170654,,0x55,0x1F,"0x7E,0xC9,0x00,0x0C,0x00,0xC0,0xFF,0xFF",0xCB
12180635,,0x55,0x6A,"0x24,0xA0,0x00,0x00,0x00,0xFF,0xFF,0xFF",0xD0
12190657,,0x55,0xE9,,0x00
12200664,,0x55,0x61,"0x20,0x44,0xFF,0xFF,0xFF,0xFF,0xFF,0xFF",0x3A
12210661,,0x55,0xCF,"0x0C,0xFE",0x25
12215692,,0x55,0x8E,"0x60,0x7F",0x91
12220647,,0x55,0xDD,"0x00,0xFC",0x25
12225646,,0x55,0x1F,"0x7E,0xC9,0x00,0x0C,0x00,0xC0,0xFF,0xFF",0xCB
12235649,,0x55,0x80,"0x80,0xFF",0xFE
12240623,,0x55,0x32,"0x49,0x00",0x84
12245672,,0x55,0x9C,"0x00,0x00,0x2B,0x10,0xE0,0xFF,0x3F,0x35",0xD2
12255646,,0x55,0x1F,"0x7E,0xC9,0x00,0x0C,0x00,0xC0,0xFF,0xFF",0xCB
12265679,,0x55,0x42,"0x00,0xFF",0xBD
12270641,,0x55,0xCA,"0xFC,0x7F",0xB8
12280623,,0x55,0x0D,"0x00,0x00",0xF2
12290641,,0x55,0xC1,"0x00,0x10,0x00,0xFF",0x2E
12300635,,0x55,0xB1,"0x0C,0x00",0x42
12310641,,0x55,0xC4,,0x00
12330631,,0x55,0x6A,"0x24,0xA0,0x00,0x00,0x00,0xFF,0xFF,0xFF",0xD0
12340623,,0x55,0xE9,,0x00
12350656,,0x55,0x61,"0x20,0x44,0xFF,0xFF,0xFF,0xFF,0xFF,0xFF",0x3A
12360656,,0x55,0xCF,"0x0C,0xFE",0x25
12365680,,0x55,0x8E,"0x60,0x7F",0x91
12370672,,0x55,0xDD,"0x00,0xFC",0x25
12375634,,0x55,0x1F,"0x7E,0xC9,0x00,0x0C,0x00,0xC0,0xFF,0xFF",0xCB
12385631,,0x55,0x80,"0x80,0xFF",0xFE
12390656,,0x55,0x32,"0x49,0x00",0x84
12395635,,0x55,0x9C,"0x00,0x00,0x2B,0x10,0xE0,0xFF,0x3F,0x35",0xD2
12405649,,0x55,0x1F,"0x7E,0xC9,0x00,0x0C,0x00,0xC0,0xFF,0xFF",0xCB
12415646,,0x55,0x42,"0x00,0xFF",0xBD
12420623,,0x55,0xCA,"0xFC,0x7F",0xB8
12430641,,0x55,0x0D,"0x00,0x00",0xF2
12440623,,0x55,0xC1,"0x00,0x10,0x00,0xFF",0x2E
12450641,,0x55,0xB1,"0x0C,0x00",0x42
12460618,,0x55,0xC4,,0x00
12480623,,0x55,0x6A,"0x24,0xA0,0x00,0x00,0x00,0xFF,0xFF,0xFF",0xD0
12490641,,0x55,0xE9,,0x00
12500638,,0x55,0x61,"0x20,0x44,0xFF,0xFF,0xFF,0xFF,0xFF,0xFF",0x3A
12510661,,0x55,0xCF,"0x0C,0xFE",0x25
12515692,,0x55,0x8E,"0x60,0x7F",0x91
12520646,,0x55,0xDD,"0x00,0xFC",0x25
12525649,,0x55,0x1F,"0x7E,0xC9,0x00,0x0C,0x00,0xC0,0xFF,0xFF",0xCB
12535646,,0x55,0x80,"0x80,0xFF",0xFE
12540623,,0x55,0x32,"0x49,0x00",0x84
12545669,,0x55,0x9C,"0x00,0x00,0x2B,0x10,0xE0,0xFF,0x3F,0x35",0xD2
12555635,,0x55,0x1F,"0x7E,0xC9,0x00,0x0C,0x00,0xC0,0xFF,0xFF",0xCB
12565635,,0x55,0x42,"0x00,0xFF",0xBD
12570653,,0x55,0xCA,"0xFC,0x7F",0xB8
12580631,,0x55,0x0D,"0x00,0x00",0xF2
12590649,,0x55,0xC1,"0x00,0x10,0x00,0xFF",0x2E
12600630,,0x55,0xB1,"0x0C,0x00",0x42
12610618,,0x55,0xC4,,0x00
12630628,,0x55,0x6A,"0x24,0xA0,0x00,0x00,0x00,0xFF,0xFF,0xFF",0xD0
12640626,,0x55,0xE9,,0xFF
12645664,,0x55,0xAD,,0x00
12660626,,0x55,0xCF,"0x0C,0xFE",0x25
12665641,,0x55,0x8E,"0x60,0x7F",0x91
12670623,,0x55,0xDD,"0x00,0xFC",0x25
12675681,,0x55,0x1F,"0x7E,0xC9,0x00,0x0C,0x00,0xC0,0xFF,0xFF",0xCB
12685649,,0x55,0x80,"0x88,0xFF",0xF6
12690623,,0x55,0x32,"0x49,0x00",0x84
12695643,,0x55,0x9C,"0x00,0x00,0x2B,0x10,0xE0,0xFF,0x3F,0x35",0xD2
12705641,,0x55,0x1F,"0x7E,0xC9,0x00,0x0C,0x00,0xC0,0xFF,0xFF",0xCB
12715664,,0x55,0x42,"0x00,0xFF",0xBD
12720623,,0x55,0xCA,"0xFC,0x7F",0xB8
12730635,,0x55,0x0D,"0x00,0x00",0xF2
12740618,,0x55,0xC1,"0x00,0x10,0x00,0xFF",0x2E
12750631,,0x55,0xB1,"0x0C,0x00",0x42
12760635,,0x55,0xC4,,0x00
12780631,,0x55,0x6A,"0x24,0xA0,0x00,0x00,0x00,0xFF,0xFF,0xFF",0xD0
12790649,,0x55,0xE9,,0x00
12800710,,0x55,0x61,"0x20,0x44,0xFF,0xFF,0xFF,0xFF,0xFF,0xFF",0x3A
12810656,,0x55,0xCF,"0x0C,0xFE",0x25
12815641,,0x55,0x8E,"0x60,0x7F",0x91
12820623,,0x55,0xDD,"0x00,0xFC",0x25
12825647,,0x55,0x1F,"0x7E,0xC9,0x00,0x0C,0x00,0xC0,0xFF,0xFF",0xCB
12835646,,0x55,0x80,"0x80,0xFF",0xFE
12840623,,0x55,0x32,"0x49,0x00",0x84
12845657,,0x55,0x9C,"0x00,0x00,0x2B,0x10,0xE0,0xFF,0x3F,0x35",0xD2
12855641,,0x55,0x1F,"0x7E,0xC9,0x00,0x0C,0x00,0xC0,0xFF,0xFF",0xCB
12865646,,0x55,0x42,"0x00,0xFF",0xBD
12870623,,0x55,0xCA,"0xFC,0x7F",0xB8
12880616,,0x55,0x0D,"0x00,0x00",0xF2
12890626,,0x55,0xC1,"0x00,0x10,0x00,0xFF",0x2E
12900631,,0x55,0xB1,"0x0C,0x00",0x42
12910616,,0x55,0xC4,,0x00
12930623,,0x55,0x6A,"0x24,0xA0,0x00,0x00,0x00,0xFF,0xFF,0xFF",0xD0
12940618,,0x55,0xE9,,0x00
12950635,,0x55,0x61,"0x20,0x44,0xFF,0xFF,0xFF,0xFF,0xFF,0xFF",0x3A
12960631,,0x55,0xCF,"0x0C,0xFE",0x25
12965630,,0x55,0x8E,"0x60,0x7F",0x91
12970634,,0x55,0xDD,"0x00,0xFC",0x25
12975634,,0x55,0x1F,"0x7E,0xC9,0x00,0x0C,0x00,0xC0,0xFF,0xFF",0xCB
12985631,,0x55,0x80,"0x80,0xFF",0xFE
12990635,,0x55,0x32,"0x09,0x00",0xC4
12995631,,0x55,0x9C,"0x00,0x00,0x2B,0x10,0xE0,0xFF,0x3F,0x35",0xD2
13005641,,0x55,0x1F,"0x7E,0xC9,0x00,0x0C,0x00,0xC0,0xFF,0xFF",0xCB
13015664,,0x55,0x42,"0x00,0xFF",0xBD
13020618,,0x55,0xCA,"0xFC,0x7F",0xB8
13030616,,0x55,0x0D,"0x00,0x00",0xF2
13040616,,0x55,0xC1,"0x00,0x10,0x00,0xFF",0x2E
13050623,,0x55,0xB1,"0x0C,0x00",0x42
13060616,,0x55,0xC4,,0xFF
13070616,,0x55,0x1F,"0x7E,0xC9,0x00,0x0C,0x00,0xC0,0xFF,0xFF",0xCB
13080623,,0x55,0x6A,"0x24,0xA0,0x00,0x00,0x00,0xFF,0xFF,0xFF",0xD0
13090618,,0x55,0xE9,,0x00
13100664,,0x55,0x61,"0x20,0x44,0xFF,0xFF,0xFF,0xFF,0xFF,0xFF",0x3A
13110733,,0x55,0xCF,"0x0C,0xFE",0x25
13115672,,0x55,0x8E,"0x60,0x7F",0x91
13120623,,0x55,0xDD,"0x00,0xFC",0x25
13125647,,0x55,0x1F,"0x7E,0xC9,0x00,0x0C,0x00,0xC0,0xFF,0xFF",0xCB
13135641,,0x55,0x80,"0x80,0xFF",0xFE
13140624,,0x55,0x32,"0x09,0x00",0xC4
13145664,,0x55,0x9C,"0x00,0x00,0x2A,0x10,0xE0,0xFF,0x3F,0x35",0xD3
13155631,,0x55,0x1F,"0x7E,0xC9,0x00,0x0C,0x00,0xC0,0xFF,0xFF",0xCB
13165638,,0x55,0x42,"0x00,0xFF",0xBD
13170631,,0x55,0xCA,"0xFC,0x7F",0xB8
13180627,,0x55,0x0D,"0x00,0x00",0xF2
13190631,,0x55,0xC1,"0x00,0x10,0x00,0xFF",0x2E
13200631,,0x55,0xB1,"0x0C,0x00",0x42
13210615,,0x55,0xC4,,0xFF
13220616,,0x55,0x1F,"0x7E,0xC9,0x00,0x0C,0x00,0xC0,0xFF,0xFF",0xCB
13230626,,0x55,0x6A,"0x24,0xA0,0x00,0x00,0x00,0xFF,0xFF,0xFF",0xD0
13240616,,0x55,0xE9,,0x00
13250623,,0x55,0x61,"0x20,0x44,0xFF,0xFF,0xFF,0xFF,0xFF,0xFF",0x3A
13260664,,0x55,0xCF,"0x0C,0xFE",0x25
13265771,,0x55,0x8E,"0x60,0x7F",0x91
13270618,,0x55,0xDD,"0x00,0xFC",0x25
13275634,,0x55,0x1F,"0x7E,0xC9,0x00,0x0C,0x00,0xC0,0xFF,0xFF",0xCB
13285641,,0x55,0x80,"0x80,0xFF",0xFE
13290618,,0x55,0x32,"0x09,0x00",0xC4
13295641,,0x55,0x9C,"0x00,0x00,0x2B,0x10,0xE0,0xFF,0x3F,0x35",0xD2
13305638,,0x55,0x1F,"0x7E,0xC9,0x00,0x0C,0x00,0xC0,0xFF,0xFF",0xCB
13315649,,0x55,0x42,"0x00,0xFF",0xBD
13320623,,0x55,0xCA,"0xFC,0x7F",0xB8
13330616,,0x55,0x0D,"0x00,0x00",0xF2
13340616,,0x55,0xC1,"0x00,0x10,0x00,0xFF",0x2E
13350631,,0x55,0xB1,"0x0C,0x00",0x42
13360631,,0x55,0xC4,,0x00
13380631,,0x55,0x6A,"0x24,0xA0,0x00,0x00,0x00,0xFF,0xFF,0xFF",0xD0
13390631,,0x55,0xE9,,0xFF
13395631,,0x55,0xAD,,0x00
13410635,,0x55,0xCF,"0x0C,0xFE",0x25
13415680,,0x55,0x8E,"0x60,0x7F",0x91
13420754,,0x55,0xDD,"0x00,0xFC",0x25
13425635,,0x55,0x1F,"0x7E,0xC9,0x00,0x0C,0x00,0xC0,0xFF,0xFF",0xCB
13435717,,0x55,0x80,"0x80,0xFF",0xFE
13440615,,0x55,0x32,"0x09,0x00",0xC4
13445670,,0x55,0x9C,"0x00,0x00,0x2B,0x10,0xE0,0xFF,0x3F,0x35",0xD2
13455664,,0x55,0x1F,"0x7E,0xC9,0x00,0x0C,0x00,0xC0,0xFF,0xFF",0xCB
13465664,,0x55,0x42,"0x00,0xFF",0xBD
13470616,,0x55,0xCA,"0xFC,0x7F",0xB8
13480618,,0x55,0x0D,"0x00,0x00",0xF2
13490616,,0x55,0xC1,"0x00,0x10,0x00,0xFF",0x2E
13500646,,0x55,0xB1,"0x0C,0x00",0x42
13510618,,0x55,0xC4,,0x00
13530618,,0x55,0x6A,"0x24,0xA0,0x00,0x00,0x00,0xFF,0xFF,0xFF",0xD0
13540616,,0x55,0xE9,,0x00
13550646,,0x55,0x61,"0x20,0x44,0xFF,0xFF,0xFF,0xFF,0xFF,0xFF",0x3A
13560631,,0x55,0xCF,"0x0C,0xFE",0x25
13565677,,0x55,0x8E,"0x60,0x7F",0x91
13570649,,0x55,0xDD,"0x00,0xFC",0x25
13575733,,0x55,0x1F,"0x7E,0xC9,0x00,0x0C,0x00,0xC0,0xFF,0xFF",0xCB
13585657,,0x55,0x80,"0x80,0xFF",0xFE
13590630,,0x55,0x32,"0x09,0x00",0xC4
13595658,,0x55,0x9C,"0x00,0x00,0x2B,0x10,0xE0,0xFF,0x3F,0x35",0xD2
13605654,,0x55,0x1F,"0x7E,0xC9,0x00,0x0C,0x00,0xC0,0xFF,0xFF",0xCB
13615653,,0x55,0x42,"0x00,0xFF",0xBD
13620619,,0x55,0xCA,"0xFC,0x7F",0xB8
13630618,,0x55,0x0D,"0x00,0x00",0xF2
13640618,,0x55,0xC1,"0x00,0x10,0x00,0xFF",0x2E
13650618,,0x55,0xB1,"0x0C,0x00",0x42
13660611,,0x55,0xC4,,0x00
13680616,,0x55,0x6A,"0x24,0xA0,0x00,0x00,0x00,0xFF,0xFF,0xFF",0xD0
13690618,,0x55,0xE9,,0x00
13700630,,0x55,0x61,"0x20,0x44,0xFF,0xFF,0xFF,0xFF,0xFF,0xFF",0x3A
13710616,,0x55,0xCF,"0x0C,0xFE",0x25
13715650,,0x55,0x8E,"0x60,0x7F",0x91
13720638,,0x55,0xDD,"0x00,0xFC",0x25
13725684,,0x55,0x1F,"0x7E,0xC9,0x00,0x0C,0x00,0xC0,0xFF,0xFF",0xCB
13735657,,0x55,0x80,"0x80,0xFF",0xFE
13740618,,0x55,0x32,"0x09,0x00",0xC4
13745664,,0x55,0x9C,"0x00,0x00,0x2B,0x10,0xE0,0xFF,0x3F,0x35",0xD2
13755649,,0x55,0x1F,"0x7E,0xC9,0x00,0x0C,0x00,0xC0,0xFF,0xFF",0xCB
13765657,,0x55,0x42,"0x00,0xFF",0xBD
13770631,,0x55,0xCA,"0xFC,0x7F",0xB8
13780623,,0x55,0x0D,"0x00,0x00",0xF2
13790627,,0x55,0xC1,"0x00,0x10,0x00,0xFF",0x2E
13800623,,0x55,0xB1,"0x0C,0x00",0x42
13810611,,0x55,0xC4,,0x00
13830616,,0x55,0x6A,"0x24,0xA0,0x00,0x00,0x00,0xFF,0xFF,0xFF",0xD0
13840616,,0x55,0xE9,,0x00
13850638,,0x55,0x61,"0x20,0x44,0xFF,0xFF,0xFF,0xFF,0xFF,0xFF",0x3A
13860618,,0x55,0xCF,"0x0C,0xFE",0x25
13865661,,0x55,0x8E,"0x60,0x7F",0x91
13870631,,0x55,0xDD,"0x00,0xFC",0x25
13875653,,0x55,0x1F,"0x7E,0xC9,0x00,0x0C,0x00,0xC0,0xFF,0xFF",0xCB
13885764,,0x55,0x80,"0x80,0xFF",0xFE
13890616,,0x55,0x32,"0x09,0x00",0xC4
13895662,,0x55,0x9C,"0x00,0x00,0x2B,0x10,0xE0,0xFF,0x3F,0x35",0xD2
13905631,,0x55,0x1F,"0x7E,0xC9,0x00,0x0C,0x00,0xC0,0xFF,0xFF",0xCB
13915664,,0x55,0x42,"0x00,0xFF",0xBD
13920616,,0x55,0xCA,"0xFC,0x7F",0xB8
13930611,,0x55,0x0D,"0x00,0x00",0xF2
13940611,,0x55,0xC1,"0x00,0x10,0x00,0xFF",0x2E
13950623,,0x55,0xB1,"0x0C,0x00",0x42
13960623,,0x55,0xC4,,0xFF
13970623,,0x55,0x1F,"0x7E,0xC9,0x00,0x0C,0x00,0xC0,0xFF,0xFF",0xCB
13980628,,0x55,0x6A,"0x24,0xA0,0x00,0x00,0x00,0xFF,0xFF,0xFF",0xD0
13990623,,0x55,0xE9,,0xFF
13995623,,0x55,0xAD,,0x00
14010611,,0x55,0xCF,"0x0C,0xFE",0x25
14015664,,0x55,0x8E,"0x60,0x7F",0x91
14020631,,0x55,0xDD,"0x00,0xFC",0x25
14025670,,0x55,0x1F,"0x7E,0xC9,0x00,0x0C,0x00,0xC0,0xFF,0xFF",0xCB
14035656,,0x55,0x80,"0x80,0xFF",0xFE
14040748,,0x55,0x32,"0x09,0x00",0xC4
14045635,,0x55,0x9C,"0x00,0x00,0x2B,0x10,0xE0,0xFF,0x3F,0x35",0xD2
14055664,,0x55,0x1F,"0x7E,0xC9,0x00,0x0C,0x00,0xC0,0xFF,0xFF",0xCB
14065638,,0x55,0x42,"0x00,0xFF",0xBD
14070611,,0x55,0xCA,"0xFC,0x7F",0xB8
14080612,,0x55,0x0D,"0x00,0x00",0xF2
14090611,,0x55,0xC1,"0x00,0x10,0x00,0xFF",0x2E
14100623,,0x55,0xB1,"0x0C,0x00",0x42
14110612,,0x55,0xC4,,0x00
14130616,,0x55,0x6A,"0x24,0xA0,0x00,0x00,0x00,0xFF,0xFF,0xFF",0xD0
14140618,,0x55,0xE9,,0x00
14150641,,0x55,0x61,"0x20,0x44,0xFF,0xFF,0xFF,0xFF,0xFF,0xFF",0x3A
14160646,,0x55,0xCF,"0x0C,0xFE",0x25
14165626,,0x55,0x8E,"0x60,0x7F",0x91
14170672,,0x55,0xDD,"0x00,0xFC",0x25
14175623,,0x55,0x1F,"0x7E,0xC9,0x00,0x0C,0x00,0xC0,0xFF,0xFF",0xCB
14185641,,0x55,0x80,"0x80,0xFF",0xFE
14190669,,0x55,0x32,"0x09,0x00",0xC4
14195754,,0x55,0x9C,"0x00,0x00,0x2B,0x10,0xE0,0xFF,0x3F,0x35",0xD2
14205635,,0x55,0x1F,"0x7E,0xC9,0x00,0x0C,0x00,0xC0,0xFF,0xFF",0xCB
14215635,,0x55,0x42,"0x00,0xFF",0xBD
14220641,,0x55,0xCA,"0xFC,0x7F",0xB8
14230635,,0x55,0x0D,"0x00,0x00",0xF2
14240635,,0x55,0xC1,"0x00,0x10,0x00,0xFF",0x2E
14250611,,0x55,0xB1,"0x0C,0x00",0x42
14260608,,0x55,0xC4,,0xFF
14270608,,0x55,0x1F,"0x7E,0xC9,0x00,0x0C,0x00,0xC0,0xFF,0xFF",0xCB
14280618,,0x55,0x6A,"0x24,0xA0,0x00,0x00,0x00,0xFF,0xFF,0xFF",0xD0
14290611,,0x55,0xE9,,0x00
14300631,,0x55,0x61,"0x20,0x44,0xFF,0xFF,0xFF,0xFF,0xFF,0xFF",0x3A
14310610,,0x55,0xCF,"0x0C,0xFE",0x25
14315657,,0x55,0x8E,"0x60,0x7F",0x91
14320616,,0x55,0xDD,"0x00,0xFC",0x25
14325634,,0x55,0x1F,"0x7E,0xC9,0x00,0x0C,0x00,0xC0,0xFF,0xFF",0xCB
14335672,,0x55,0x80,"0x80,0xFF",0xFE
14340611,,0x55,0x32,"0x09,0x00",0xC4
14345634,,0x55,0x9C,"0x00,0x00,0x2B,0x10,0xE0,0xFF,0x3F,0x35",0xD2
14355631,,0x55,0x1F,"0x7E,0xC9,0x00,0x0C,0x00,0xC0,0xFF,0xFF",0xCB
14365618,,0x55,0x42,"0x00,0xFF",0xBD
14370623,,0x55,0xCA,"0xFC,0x7F",0xB8
14380618,,0x55,0x0D,"0x00,0x00",0xF2
14390623,,0x55,0xC1,"0x00,0x10,0x00,0xFF",0x2E
14400618,,0x55,0xB1,"0x0C,0x00",0x42
14410612,,0x55,0xC4,,0xFF
14420607,,0x55,0x1F,"0x7E,0xC9,0x00,0x0C,0x00,0xC0,0xFF,0xFF",0xCB
14430618,,0x55,0x6A,"0x24,0xA0,0x00,0x00,0x00,0xFF,0xFF,0xFF",0xD0
14440612,,0x55,0xE9,,0x00
14450616,,0x55,0x61,"0x20,0x44,0xFF,0xFF,0xFF,0xFF,0xFF,0xFF",0x3A
14460612,,0x55,0xCF,"0x0C,0xFE",0x25
14465634,,0x55,0x8E,"0x60,0x7F",0x91
14470611,,0x55,0xDD,"0x00,0xFC",0x25
14475641,,0x55,0x1F,"0x7E,0xC9,0x00,0x0C,0x00,0xC0,0xFF,0xFF",0xCB
14485664,,0x55,0x80,"0x80,0xFF",0xFE
14490631,,0x55,0x32,"0x09,0x00",0xC4
14495653,,0x55,0x9C,"0x00,0x00,0x2B,0x10,0xE0,0xFF,0x3F,0x35",0xD2
14505733,,0x55,0x1F,"0x7E,0xC9,0x00,0x0C,0x00,0xC0,0xFF,0xFF",0xCB
14515638,,0x55,0x42,"0x00,0xFF",0xBD
14520616,,0x55,0xCA,"0xFC,0x7F",0xB8
14530608,,0x55,0x0D,"0x00,0x00",0xF2
14540608,,0x55,0xC1,"0x00,0x10,0x00,0xFF",0x2E
14550618,,0x55,0xB1,"0x0C,0x00",0x42
14560624,,0x55,0xC4,,0x00
14580623,,0x55,0x6A,"0x24,0xA0,0x00,0x00,0x00,0xFF,0xFF,0xFF",0xD0
14590623,,0x55,0xE9,,0x00
14600623,,0x55,0x61,"0x20,0x44,0xFF,0xFF,0xFF,0xFF,0xFF,0xFF",0x3A
14610608,,0x55,0xCF,"0x0C,0xFE",0x25
14615634,,0x55,0x8E,"0x60,0x7F",0x91
14620612,,0x55,0xDD,"0x00,0xFC",0x25
14625631,,0x55,0x1F,"0x7E,0xC9,0x00,0x0C,0x00,0xC0,0xFF,0xFF",0xCB
14635725,,0x55,0x80,"0x80,0xFF",0xFE
14640631,,0x55,0x32,"0x09,0x00",0xC4
14645679,,0x55,0x9C,"0x00,0x00,0x2A,0x10,0xE0,0xFF,0x3F,0x35",0xD3
14655631,,0x55,0x1F,"0x7E,0xC9,0x00,0x0C,0x00,0xC0,0xFF,0xFF",0xCB
14665630,,0x55,0x42,"0x00,0xFF",0xBD
14670612,,0x55,0xCA,"0xFC,0x7F",0xB8
14680610,,0x55,0x0D,"0x00,0x00",0xF2
14690608,,0x55,0xC1,"0x00,0x10,0x00,0xFF",0x2E
14700618,,0x55,0xB1,"0x0C,0x00",0x42
14710610,,0x55,0xC4,,0x00
14730611,,0x55,0x6A,"0x24,0xA0,0x00,0x00,0x00,0xFF,0xFF,0xFF",0xD0
14740608,,0x55,0xE9,,0x00
14750623,,0x55,0x61,"0x20,0x44,0xFF,0xFF,0xFF,0xFF,0xFF,0xFF",0x3A
14760624,,0x55,0xCF,"0x0C,0xFE",0x25
14765624,,0x55,0x8E,"0x60,0x7F",0x91
14770620,,0x55,0xDD,"0x00,0xFC",0x25
14775623,,0x55,0x1F,"0x7E,0xC9,0x00,0x0C,0x00,0xC0,0xFF,0xFF",0xCB
14785615,,0x55,0x80,"0x80,0xFF",0xFE
14790646,,0x55,0x32,"0x09,0x00",0xC4
14795638,,0x55,0x9C,"0x00,0x00,0x2B,0x10,0xE0,0xFF,0x3F,0x35",0xD2
14805631,,0x55,0x1F,"0x7E,0xC9,0x00,0x0C,0x00,0xC0,0xFF,0xFF",0xCB
14815631,,0x55,0x42,"0x00,0xFF",0xBD
14820608,,0x55,0xCA,"0xFC,0x7F",0xB8
14830611,,0x55,0x0D,"0x00,0x00",0xF2
14840611,,0x55,0xC1,"0x00,0x10,0x00,0xFF",0x2E
14850631,,0x55,0xB1,"0x0C,0x00",0x42
14860603,,0x55,0xC4,,0x00
14880612,,0x55,0x6A,"0x24,0xA0,0x00,0x00,0x00,0xFF,0xFF,0xFF",0xD0
14890611,,0x55,0xE9,,0x00
14900623,,0x55,0x61,"0x20,0x44,0xFF,0xFF,0xFF,0xFF,0xFF,0xFF",0x3A
14910608,,0x55,0xCF,"0x0C,0xFE",0x25
14915631,,0x55,0x8E,"0x60,0x7F",0x91
14920616,,0x55,0xDD,"0x00,0xFC",0x25
14925635,,0x55,0x1F,"0x7E,0xC9,0x00,0x0C,0x00,0xC0,0xFF,0xFF",0xCB
14935623,,0x55,0x80,"0x80,0xFF",0xFE
14940631,,0x55,0x32,"0x09,0x00",0xC4
14945646,,0x55,0x9C,"0x00,0x00,0x2B,0x10,0xE0,0xFF,0x3F,0x35",0xD2
14955635,,0x55,0x1F,"0x7E,0xC9,0x00,0x0C,0x00,0xC0,0xFF,0xFF",0xCB
14965623,,0x55,0x42,"0x00,0xFF",0xBD
14970623,,0x55,0xCA,"0xFC,0x7F",0xB8
14980616,,0x55,0x0D,"0x00,0x00",0xF2
14990618,,0x55,0xC1,"0x00,0x10,0x00,0xFF",0x2E
15000618,,0x55,0xB1,"0x0C,0x00",0x42
15010603,,0x55,0xC4,,0x00
15030612,,0x55,0x6A,"0x24,0xA0,0x00,0x00,0x00,0xFF,0xFF,0xFF",0xD0
15040611,,0x55,0xE9,,0x00
15050611,,0x55,0x61,"0x20,0x44,0xFF,0xFF,0xFF,0xFF,0xFF,0xFF",0x3A
15060611,,0x55,0xCF,"0x0C,0xFE",0x25
15065630,,0x55,0x8E,"0x60,0x7F",0x91
15070608,,0x55,0xDD,"0x00,0xFC",0x25
15075623,,0x55,0x1F,"0x7E,0xC9,0x00,0x0C,0x00,0xC0,0xFF,0xFF",0xCB
15085631,,0x55,0x80,"0x80,0xFF",0xFE
15090607,,0x55,0x32,"0x09,0x00",0xC4
15095634,,0x55,0x9C,"0x00,0x00,0x2B,0x10,0xE0,0xFF,0x3F,0x35",0xD2
15105657,,0x55,0x1F,"0x7E,0xC9,0x00,0x0C,0x00,0xC0,0xFF,0xFF",0xCB
15115635,,0x55,0x42,"0x00,0xFF",0xBD
15120608,,0x55,0xCA,"0xFC,0x7F",0xB8
15130603,,0x55,0x0D,"0x00,0x00",0xF2
15140603,,0x55,0xC1,"0x00,0x10,0x00,0xFF",0x2E
15150616,,0x55,0xB1,"0x0C,0x00",0x42
15160616,,0x55,0xC4,,0x00
15180616,,0x55,0x6A,"0x24,0xA0,0x00,0x00,0x00,0xFF,0xFF,0xFF",0xD0
15190616,,0x55,0xE9,,0x00
15200615,,0x55,0x61,"0x20,0x44,0xFF,0xFF,0xFF,0xFF,0xFF,0xFF",0x3A
15210611,,0x55,0xCF,"0x0C,0xFE",0x25
15215631,,0x55,0x8E,"0x60,0x7F",0x91
15220611,,0x55,0xDD,"0x00,0xFC",0x25
15225630,,0x55,0x1F,"0x7E,0xC9,0x00,0x0C,0x00,0xC0,0xFF,0xFF",0xCB
15235631,,0x55,0x80,"0x80,0xFF",0xFE
15240608,,0x55,0x32,"0x09,0x00",0xC4
15245635,,0x55,0x9C,"0x00,0x00,0x2B,0x10,0xE0,0xFF,0x3F,0x35",0xD2
15255687,,0x55,0x1F,"0x7E,0xC9,0x00,0x0C,0x00,0xC0,0xFF,0xFF",0xCB
15265648,,0x55,0x42,"0x00,0xFF",0xBD
15270603,,0x55,0xCA,"0xFC,0x7F",0xB8
15280604,,0x55,0x0D,"0x00,0x00",0xF2
15290603,,0x55,0xC1,"0x00,0x10,0x00,0xFF",0x2E
15300616,,0x55,0xB1,"0x0C,0x00",0x42
15310618,,0x55,0xC4,,0x00
15330608,,0x55,0x6A,"0x24,0xA0,0x00,0x00,0x00,0xFF,0xFF,0xFF",0xD0
15340603,,0x55,0xE9,,0x00
15350618,,0x55,0x61,"0x20,0x44,0xFF,0xFF,0xFF,0xFF,0xFF,0xFF",0x3A
15360618,,0x55,0xCF,"0x0C,0xFE",0x25
15365611,,0x55,0x8E,"0x60,0x7F",0x91
15370616,,0x55,0xDD,"0x00,0xFC",0x25
15375616,,0x55,0x1F,"0x7E,0xC9,0x00,0x0C,0x00,0xC0,0xFF,0xFF",0xCB
15385616,,0x55,0x80,"0x80,0xFF",0xFE
15390618,,0x55,0x32,"0x09,0x00",0xC4
15395615,,0x55,0x9C,"0x00,0x00,0x2B,0x10,0xE0,0xFF,0x3F,0x35",0xD2
15405631,,0x55,0x1F,"0x7E,0xC9,0x00,0x0C,0x00,0xC0,0xFF,0xFF",0xCB
15415648,,0x55,0x42,"0x00,0xFF",0xBD
15420603,,0x55,0xCA,"0xFC,0x7F",0xB8
15430603,,0x55,0x0D,"0x00,0x00",0xF2
15440604,,0x55,0xC1,"0x00,0x10,0x00,0xFF",0x2E
15450603,,0x55,0xB1,"0x0C,0x00",0x42
15460600,,0x55,0xC4,,0x00
15480611,,0x55,0x6A,"0x24,0xA0,0x00,0x00,0x00,0xFF,0xFF,0xFF",0xD0
15490603,,0x55,0xE9,,0x00
15500618,,0x55,0x61,"0x20,0x44,0xFF,0xFF,0xFF,0xFF,0xFF,0xFF",0x3A
15510603,,0x55,0xCF,"0x0C,0xFE",0x25
15515628,,0x55,0x8E,"0x60,0x7F",0x91
15520608,,0x55,0xDD,"0x00,0xFC",0x25
15525627,,0x55,0x1F,"0x7E,0xC9,0x00,0x0C,0x00,0xC0,0xFF,0xFF",0xCB
15535631,,0x55,0x80,"0x80,0xFF",0xFE
15540623,,0x55,0x32,"0x09,0x00",0xC4
15545627,,0x55,0x9C,"0x00,0x00,0x2B,0x10,0xE0,0xFF,0x3F,0x35",0xD2
15555611,,0x55,0x1F,"0x7E,0xC9,0x00,0x0C,0x00,0xC0,0xFF,0xFF",0xCB
15565639,,0x55,0x42,"0x00,0xFF",0xBD
15570623,,0x55,0xCA,"0xFC,0x7F",0xB8
15580611,,0x55,0x0D,"0x00,0x00",0xF2
15590618,,0x55,0xC1,"0x00,0x10,0x00,0xFF",0x2E
15600611,,0x55,0xB1,"0x0C,0x00",0x42
15610604,,0x55,0xC4,,0xFF
15620600,,0x55,0x1F,"0x7E,0xC9,0x00,0x0C,0x00,0xC0,0xFF,0xFF",0xCB
15630608,,0x55,0x6A,"0x24,0xA0,0x00,0x00,0x00,0xFF,0xFF,0xFF",0xD0
15640604,,0x55,0xE9,,0xFF
15645623,,0x55,0xAD,,0xFF
15650616,,0x55,0x61,"0x20,0x44,0xFF,0xFF,0xFF,0xFF,0xFF,0xFF",0x3A
15660604,,0x55,0xCF,"0x0C,0xFE",0x25
15665627,,0x55,0x8E,"0x60,0x7F",0x91
15670615,,0x55,0xDD,"0x00,0xFC",0x25
15675631,,0x55,0x1F,"0x7E,0xC9,0x00,0x0C,0x00,0xC0,0xFF,0xFF",0xCB
15685631,,0x55,0x80,"0x80,0xFF",0xFE
15690611,,0x55,0x32,"0x09,0x00",0xC4
15695627,,0x55,0x9C,"0x00,0x00,0x2B,0x10,0xE0,0xFF,0x3F,0x35",0xD2
15705624,,0x55,0x1F,"0x7E,0xC9,0x00,0x0C,0x00,0xC0,0xFF,0xFF",0xCB
15715672,,0x55,0x42,"0x00,0xFF",0xBD
15720641,,0x55,0xCA,"0xFC,0x7F",0xB8
15730618,,0x55,0x0D,"0x00,0x00",0xF2
15740604,,0x55,0xC1,"0x00,0x10,0x00,0xFF",0x2E
15750624,,0x55,0xB1,"0x0C,0x00",0x42
15760631,,0x55,0xC4,,0x00
15780618,,0x55,0x6A,"0x24,0xA0,0x00,0x00,0x00,0xFF,0xFF,0xFF",0xD0
15790631,,0x55,0xE9,,0x00
15800627,,0x55,0x61,"0x20,0x44,0xFF,0xFF,0xFF,0xFF,0xFF,0xFF",0x3A
15810631,,0x55,0xCF,"0x0C,0xFE",0x25
15815623,,0x55,0x8E,"0x60,0x7F",0x91
15820611,,0x55,0xDD,"0x00,0xFC",0x25
15825631,,0x55,0x1F,"0x7E,0xC9,0x00,0x0C,0x00,0xC0,0xFF,0xFF",0xCB
15835687,,0x55,0x80,"0x80,0xFF",0xFE
15840616,,0x55,0x32,"0x09,0x00",0xC4
15845631,,0x55,0x9C,"0x00,0x00,0x2B,0x10,0xE0,0xFF,0x3F,0x35",0xD2
15855638,,0x55,0x1F,"0x7E,0xC9,0x00,0x0C,0x00,0xC0,0xFF,0xFF",0xCB
15865657,,0x55,0x42,"0x00,0xFF",0xBD
15870600,,0x55,0xCA,"0xFC,0x7F",0xB8
15880616,,0x55,0x0D,"0x00,0x00",0xF2
15890616,,0x55,0xC1,"0x00,0x10,0x00,0xFF",0x2E
15900611,,0x55,0xB1,"0x0C,0x00",0x42
15910616,,0x55,0xC4,,0x00
15930623,,0x55,0x6A,"0x24,0xA0,0x00,0x00,0x00,0xFF,0xFF,0xFF",0xD0
15940618,,0x55,0xE9,,0xFF
15945623,,0x55,0xAD,,0x00
15960631,,0x55,0xCF,"0x0C,0xFE",0x25
15965611,,0x55,0x8E,"0x60,0x7F",0x91
15970635,,0x55,0xDD,"0x00,0xFC",0x25
15975634,,0x55,0x1F,"0x7E,0xC9,0x00,0x0C,0x00,0xC0,0xFF,0xFF",0xCB
15985611,,0x55,0x80,"0x80,0xFF",0xFE
15990649,,0x55,0x32,"0x09,0x00",0xC4
15995646,,0x55,0x9C,"0x00,0x00,0x2B,0x10,0xE0,0xFF,0x3F,0x35",0xD2
16005641,,0x55,0x1F,"0x7E,0xC9,0x00,0x0C,0x00,0xC0,0xFF,0xFF",0xCB
16015646,,0x55,0x42,"0x00,0xFF",0xBD
16020600,,0x55,0xCA,"0xFC,0x7F",0xB8
16030603,,0x55,0x0D,"0x00,0x00",0xF2
16040603,,0x55,0xC1,"0x00,0x10,0x00,0xFF",0x2E
16050600,,0x55,0xB1,"0x0C,0x00",0x42
16060623,,0x55,0xC4,,0xFF
16070623,,0x55,0x1F,"0x7E,0xC9,0x00,0x0C,0x00,0xC0,0xFF,0xFF",0xCB
16080600,,0x55,0x6A,"0x24,0xA0,0x00,0x00,0x00,0xFF,0xFF,0xFF",0xD0
16090627,,0x55,0xE9,,0x00
16100616,,0x55,0x61,"0x20,0x44,0xFF,0xFF,0xFF,0xFF,0xFF,0xFF",0x3A
16110600,,0x55,0xCF,"0x0C,0xFE",0x25
16115623,,0x55,0x8E,,0x60
